sample_id,dataset,year
05b4ab04-624a-474a-b071-535e76dac27e,A,2015
1a61fd8e-df75-41e0-84ec-efd465351828,A,2015
1358d604-f8f0-4488-a4d4-9f121d2959ec,A,2015
ec53a21e-7f4f-451b-bde4-f2b04c5b42a0,A,2015
98d1936e-bea6-439c-a132-c5456551a6ac,A,2015
cf0d428e-06da-401b-b81a-d96fb3356e45,A,2015
e819b8ae-95a6-44d1-a74e-6e2c9a7a25a5,A,2015
94945229-059b-47a9-ab4f-33560ac3383b,A,2015
55e3d679-54bf-4e23-b405-f5790f8ca460,A,2015
0204f85e-056d-451a-b23d-9ca34ac3babc,A,2015
1e9d1f9f-05b6-4454-94de-ecea5dc0a092,A,2015
62698294-bdc7-4d34-93e4-1323e6864c8f,A,2015
8ac13683-c066-4921-ba27-89825ebdb39f,A,2015
ba691a9a-b833-4e7c-a1e8-e1bda7600ba3,A,2015
d932240a-08c5-4808-84b8-58845ae5195b,A,2015
0a86c227-7b2a-4e34-b063-44b36ae74399,A,2015
c95355e4-2b8d-4499-a930-880c3dfe3423,A,2015
431ade4a-4c03-4628-bbf4-757fb5fe601d,A,2015
5b4943a8-e716-4411-aa6f-85707e5917e4,A,2015
7d6292b7-bf58-42fa-8f2a-e6c6688da8d4,A,2015
f37f9df4-2849-4ece-adf7-ab898881ec64,A,2015
7495d24a-a101-48ec-85c6-ee0fa22f7118,A,2015
d09a3360-7512-4f36-be0c-608fac01cf16,A,2015
6f157c84-cf3c-421c-b8bd-607cd3c7e1d2,A,2015
9a557ff0-e5e7-492a-b205-07c1bd23c160,A,2015
9691d07e-1e67-4c78-a49e-aa7c8f766536,A,2015
f6c78160-5d03-4866-8dee-0dfc0e376627,A,2015
65b284af-8bb7-426c-9033-dd716c05316b,A,2015
137f3a05-fa34-402d-b385-219d8c806f14,A,2015
960cd789-a6f1-4c17-bb31-0e98e5b82d58,A,2015
beec0124-b90a-4ebe-ba18-e6ff44cf5a57,A,2015
fd5a7e8f-c3cc-443f-bb70-dd43ab645034,A,2015
1b4cfd10-dcea-45fb-967f-5f4aa3c9dc26,A,2015
ea0b6209-24f1-44e2-b5ce-3e1749610ae5,A,2015
61c27243-5788-41d8-bbc0-0e41f9e10158,A,2015
c581691d-3e1f-4291-83a8-a1455b10f0b2,A,2015
d332b9b2-c3a2-44f9-8c71-9969cfe85821,A,2015
8f88f5ff-ff8c-4a8a-acb7-72c44f5370bb,A,2015
0f8819f1-3b7b-4e28-957c-707aab4d6e03,A,2015
b9d7fea7-6113-49ca-b69d-f8c9083c7386,A,2015
ac46c4ab-fa49-4a2a-b2b5-ed240f58ffac,A,2015
f03c30a2-5efd-4984-8b65-61ad5b3be802,A,2015
918e1d22-0edb-4fe2-bda4-53b966713dca,A,2015
200f827b-bc97-4378-869e-e58d5a8d1ffe,A,2015
470cc3d0-de8e-4a3a-827e-f6b1745cdef7,A,2015
3e0987d7-3ff0-4f40-a491-e2657f3c2710,A,2015
bfd79755-8176-49d8-aa60-111795cec5be,A,2015
f41b8add-0611-4d5d-9903-f540ab7e2aa4,A,2015
c28aa698-f6d5-4fc8-9731-4af5ff30826f,A,2015
77165bc4-a202-4135-98f4-6b228ebf02b8,A,2015
0b063a2e-4745-4915-9d34-d3e671989bed,A,2015
426a0dac-d78b-435a-92eb-b038d91c6f4b,A,2015
0652a175-ca06-4aa2-afd4-35af14f5b1bb,A,2015
4419c7fd-4d3d-4d4f-b679-ac9d201aa7d3,A,2015
87fcf36d-7d57-4250-acdf-e964d87276fa,A,2015
7ee2b1b7-92b8-4a90-88cf-326af9b53a3e,A,2015
ad3a363d-1075-4d2e-bff0-ca18599911f5,A,2015
3fcce87a-e04e-4ead-993f-536ce6498c70,A,2015
47992051-d42b-4dd3-b5aa-5f9e9bbc3190,A,2015
5f8b1303-768d-4f69-a2bc-261a1516bc5d,A,2015
427ad33f-a919-424d-9d11-96937a8e0298,A,2015
3d56a39f-332e-4fbc-8fb7-191d2966ec8e,A,2015
80263b07-989f-4a8d-bbc1-67e2c098cb88,A,2015
b91cb23e-a5e2-4b69-99bf-b061ea75f7a3,A,2015
f90f2557-c0a9-49bb-b2d8-9fc74e3ace4a,A,2015
3879b5bc-681d-4627-a559-94a8d32036ae,A,2015
77e5ce7a-ad48-416a-ac01-5b4897c13a63,A,2015
64cb2e76-f540-4075-ad4d-21ffd45230a8,A,2015
ae6b49ce-4752-49f6-8b14-c1df1899f1c4,A,2015
37e93bf8-db2f-4f09-ab31-372c641568ee,A,2015
bb804679-1a48-480b-b250-4ac07045674b,A,2015
44dcaecf-ba0c-4375-89ff-a67e1e8f2c61,A,2015
a40658f6-a3b8-42e6-835b-59879bedc084,A,2015
60404fc2-f740-4578-96a7-982a581b97e0,A,2015
12582a33-7cec-47f2-b7a2-9621f2da44f8,A,2015
eb36cbfc-93fd-42b4-b080-d13d63b4dd6a,A,2015
7ed3e245-5609-4113-b9dc-22fee5b4e82f,A,2015
aad01069-0757-4c6a-92c8-5d06e1c39ef3,A,2015
d27aa3bd-fe6c-41e9-8aa5-29dbb41d2868,A,2015
67d13d88-0f09-481c-aa67-155fe31e73f0,A,2015
ef3d9e45-aa31-4f57-baf9-e60fa1806c63,A,2015
809cb3b0-3366-4baa-99f0-6f86e67d2208,A,2015
5857ed0a-b304-4844-a51b-be8fd33e85ff,A,2015
d5f9a42d-cc6c-4041-a894-9a3eec1a9e6c,A,2015
14dd7acf-97ea-49b4-9e84-76e42241b51d,A,2015
cad5aba6-b48a-4f46-acbf-64d2b464bc06,A,2015
f9b2b89b-a5bf-49f4-b7bf-e8449e87d891,A,2015
fc4e2ad4-d50b-4a49-afb6-afeb61484db0,A,2015
5d4851d8-ddc9-433e-bd67-d942926e1ae3,A,2015
31e49822-a6f7-4b8c-9395-7ccdee3660e9,A,2015
b1589482-6c3d-48ab-ae98-cc101cd9ab53,A,2015
7cd982f5-b7f1-43cf-a41b-6664ac26c0f5,A,2015
e39411f5-ff74-4bd7-a50a-bd8720b9d07f,A,2015
76984d07-5945-417e-9572-fa2370b0520b,A,2015
a07f4bc0-35e4-4389-945c-b76471f5fc90,A,2015
6fa3c382-5e68-4abb-95ab-97f7eb26ea7c,A,2015
c7cdd207-cd91-4d51-b7f0-2861dde40d45,A,2015
94ae5532-a139-44e1-b078-b818b8675643,A,2015
7a567892-e5ea-4a81-a971-4ff1ff3c150e,A,2015
2cb630c8-ea60-4abe-a141-d20e4e3f8e18,A,2015
e7a5bf32-fd45-45c4-8378-533a7faae45e,A,2015
6fc76ff2-c46c-4b5b-90ff-1bc9c89d051e,A,2015
9daba9a5-90dc-4c83-b5e9-5698631a8bc6,A,2015
766ead88-5919-4ea2-b969-2fe7eab30f9c,A,2015
34f7d6ce-ce89-491f-9dbb-76f580282c8e,A,2015
216b7ce1-af02-4b28-b41d-8e3edef4ff84,A,2015
07039583-e122-41d3-9c48-5a590afb3f24,A,2015
ceada45d-546e-482f-b37d-ec72d4807e7e,A,2015
2d7f2685-ef3f-4af7-98c8-8267657d604d,A,2015
fcf7ea45-25f0-4a5c-b440-392a2d9699bb,A,2015
2588b041-742b-4d9b-8390-c6768c48629c,A,2015
bde98a8b-73c0-4f6e-9ff7-0977bb5bdf5c,A,2015
ab130bd8-10e9-4913-bbdc-30418f99ff48,A,2015
a586e21d-f1c7-48eb-8ca0-2b63ac562344,A,2015
eaaff6de-5d5f-4af0-bfb0-450a86a4c6c7,A,2015
3868c189-f3d3-4fa6-9c02-0f426ed3559b,A,2015
09e4e913-e2b7-4a68-984a-2ffe0cca8d2d,A,2015
c192efab-6a18-4020-8237-a4a971b3ece3,A,2015
ddf6dd72-8b9e-4db4-8a2f-52b1b0ccffa6,A,2015
ee8bc0e4-6626-4fa1-bc25-eebb3946d788,A,2015
4d0202c1-7eb8-4884-910a-4aa87f197d1b,A,2015
e1a7bf6d-a00b-47aa-815b-7e239450e874,A,2015
c5b4fbe5-cdd2-4168-b17e-245a99acf6e4,A,2015
4875c547-7b8b-48b6-8990-02ac8500ad85,A,2015
abc758d8-e1cc-4642-84a9-2572ed33f639,A,2015
84cabaa1-9c48-4e36-b468-fceeb23f1661,A,2015
aaac5ba7-059d-4d28-8d2c-aedc792098aa,A,2015
1e6884a3-5c56-4da1-af01-aa19abd45710,A,2015
43dc2b3a-070a-4e06-93a6-ba35a9351d5f,A,2015
5742c462-7c78-4937-90de-09aa66a511e2,A,2015
1986376c-5363-45c4-ba1e-4fc58e167722,A,2015
84a878a8-b524-4553-91a5-76c24be82825,A,2015
b78d685d-bfdb-4978-a823-34d3056ba9f1,A,2015
867349b6-017c-4166-ad69-87b5419a1e3d,A,2015
411be6b8-405e-4e96-96b6-8f2b448a5fc3,A,2015
9094620a-dcda-42f5-aebe-9bddcd938d44,A,2015
17a293d3-44da-4e33-a38f-b15610ccbfa3,A,2015
54cb28db-478d-43a8-9f0d-d70686b6f850,A,2015
5da771ef-9a44-4588-bc90-5e2a0fc6661c,A,2015
867a9189-7a4d-42ed-b663-61e48bb0299e,A,2015
7de40d3e-c037-4972-85d1-14f32629dc31,A,2015
40024007-a2f0-444d-a151-b237d48b61ef,A,2015
bf21dd92-ea17-40c2-b803-23b31eba85b5,A,2015
44739639-732d-49cf-9604-0e47e8101ecc,A,2015
276f372f-8805-40e6-b9a1-cc12f5f1f8d9,A,2015
d4e3d962-daa2-4ed2-ad88-e4ddd8a35bac,A,2015
0e530a25-98e2-4a01-90a0-1264efb60fae,A,2015
0e2e5641-4b7c-4491-92d7-7e0da5ace2d1,A,2015
07fef2d2-de42-46c0-8ef6-d8545d0c9ca9,A,2015
cfd7a78b-1f79-45b8-aff6-1ada7cd00ee1,A,2015
e647a8ae-b405-411d-af2e-031b33da7e40,A,2015
b44a1b74-d568-4b8c-99d9-8c58493d1b3e,A,2015
9ad40ea2-0a06-4d67-b9ec-eb4ac9009567,A,2015
0958e229-6b6c-409d-bb73-2d505d455c08,A,2015
593a73ff-0509-406b-b3b8-1730f4e4f85e,A,2015
49c5b162-83dd-49b7-86d6-b4234b72a171,A,2015
64f7562d-399d-4efb-8be1-e414a40aa0a5,A,2015
19800c41-7d79-47c3-b626-28f00f8efe2f,A,2015
e7934f12-d781-4c7d-a7ca-36d2d0d5cddf,A,2015
96c2272d-cee9-46dd-864d-216611773631,A,2015
6399b1f0-0789-41fe-bbac-bc0a951fa165,A,2015
7a0922c0-48d4-4876-84cf-1c6ab38be2fb,A,2015
868a2d62-ce46-40e7-9975-0efe69db61ac,A,2015
10f52406-f467-487b-a7bd-d3395fefc901,A,2015
9b536863-8126-44e2-9e8e-67f0a35e79c0,A,2015
d5ffc893-0bf1-44cf-8666-c499ed3889c4,A,2015
d3e0e23f-954e-4572-8320-4d6208e0f9bb,A,2015
9cac26fc-a911-4882-9aa7-0f365d7a7fbd,A,2015
cf92ccdb-61da-4253-b8f3-cc5f07c6e882,A,2015
774b5047-4a2a-4b43-a9e9-9ee1af9e180c,A,2015
7eb5b949-cadb-435e-ab18-1c40d87081c7,A,2015
ccbe830d-7944-4f2f-93fa-1f66f282547a,A,2015
c806b17b-f4a2-4dd5-8ce8-2f2f32694406,A,2015
c4c7212d-2876-4d4c-89b6-2b5fbf28b95c,A,2015
59de4d1f-43dd-4567-9d85-11dd565b74bc,A,2015
56ce08d4-e651-4263-a3fa-28ee2efe0229,A,2015
ee451bd3-e9b0-47fc-be69-ead7f4c97d32,A,2015
520939ee-9ef2-41c4-81f1-043014672902,A,2015
d9e9fdc0-2909-45ed-8360-ffab0ddb5e09,A,2015
8907b12e-1984-4ce6-a863-add31ffc9f60,A,2015
c1be3941-3d24-4c5f-a4e6-b73888df2687,A,2015
42936711-f3b0-45c3-b7a9-ba9394dd96a2,A,2015
7e8ee120-070d-4dca-a918-04a218e4095a,A,2015
9ebd98b4-3ccb-4cec-b3fa-2b0690f10acc,A,2015
c0a1a736-1d83-42c0-8df3-a1ce330d31c9,A,2015
1eb604e9-f8b8-432b-b588-17d74da1ef8d,A,2015
4393c356-7ea0-47d7-9d7c-0f6eec7e5cc3,A,2015
496e3bc2-7741-4ccc-8c02-95e87a75280e,A,2015
7c2c1570-33d8-4828-a914-842d477bd253,A,2015
76e38cf7-b701-4b9f-9c78-fc73a171a92d,A,2015
5cc83f2c-bbf9-45a8-a32e-c21b01826927,A,2015
14581441-ab73-4a6d-9940-d7f0c0638232,A,2015
f61fbde8-5b42-4423-a291-88c93090f0d7,A,2015
5fac4e52-d1e6-49d7-981c-066dc47154b3,A,2015
d5e6fa95-7042-42ae-8bb4-a80d219c5e7b,A,2015
a62a79e2-e26e-4d81-ae37-b242c7ece354,A,2015
0fbfe069-8466-4051-8bc0-23aec0d67c7e,A,2015
467eb714-6fea-4fcd-adf8-e50b37bc8e4f,A,2015
791b6f93-6624-4c35-a578-1f175bf0a43a,A,2015
58983cb4-bd1c-4f3f-9eda-3a393a90f9ee,A,2015
c6847358-315a-44e1-ba91-4f7cebfc3f1a,A,2016
a6f8dd9a-8e93-4ece-b64f-37f08bb4dc7a,A,2016
9994ae91-9484-4bb0-b1ae-26b909c2f108,A,2016
115ca074-ae78-4b1b-aee0-deb40ca3bc3d,A,2016
85ed415c-5350-4ff7-b595-e213ac93bd9f,A,2016
b91754ca-7efd-440c-8d5e-51144b009649,A,2016
3107a7bc-18c7-4bbd-bd23-0d520d3b81d5,A,2016
05d4c04d-f342-4302-8b6f-4eba6d0b1618,A,2016
2617f252-7f13-4787-b64e-c48d9d6ab83c,A,2016
35176386-8ebf-45ed-8470-cbac2f756eaf,A,2016
0adc901f-656c-4f01-a6f2-9d213715c890,A,2016
c0c5bad5-9300-48b2-ba90-e05d41db1756,A,2016
c81ac892-4eb0-40ac-bd7d-98e174845aca,A,2016
927498c3-99b5-456d-8065-4b1253fbff01,A,2016
07311e50-8e30-47fc-9e3e-41b44d6ea43e,A,2016
4a58aa5a-e8ba-4259-847a-b29ec0e04aee,A,2016
dd64dc92-1d29-45f0-b70f-363c44f71ba8,A,2016
83679cd8-9982-4f11-a48a-d33022fadaa1,A,2016
4613ad48-0867-4a62-b1d8-f84924fb15ff,A,2016
5d719ce9-98f9-413f-a0b5-6aadaa8fd441,A,2016
e0e5bb41-e7a4-44ea-9eb0-71035b9c83b7,A,2016
666d2f4d-f32a-41c1-a852-8dd0e87ae27d,A,2016
a443896e-fdb1-40c8-8498-c801c3a1915a,A,2016
cd9c01d0-3a68-44f3-be92-fc02c1cf161f,A,2016
66010532-6f42-40b6-bbcb-991867979636,A,2016
dcc68afe-c9a4-4559-bd08-5f8e43f90a02,A,2016
590d32ab-715f-4296-9364-b8644c4c1f14,A,2016
b72bec84-fd94-4fea-add8-7bf39e1ede68,A,2016
21315bc5-f335-4964-be46-cf14ea552a90,A,2016
b0d26919-c206-4a67-819b-45f448d2164b,A,2016
ad0b3ac8-c31f-4b43-8345-09fb6ce8f5a2,A,2016
c4028b94-c940-458a-9ccd-9bceb1d7fc4a,A,2016
58f35b81-a408-49e2-b1bc-3f7aef69b1b9,A,2016
c4745039-78b0-4c9b-ad2c-e3c616ae858a,A,2016
f95ad51b-f346-45c2-8146-0eb25a41a94d,A,2016
6baf6696-e09e-4b0c-8a56-3766c6b759ff,A,2016
bf5d77f7-e126-40bf-8d19-4123ed8b08ee,A,2016
45252518-2219-4a2e-8e6f-decd2a739b19,A,2016
b7f6b0b3-ab17-41f5-b11d-b4d84cae106e,A,2016
90dcb9d9-691e-4835-84df-f57439dc802f,A,2016
cb6da675-bf92-45ec-a76f-5ce74f8f76fd,A,2016
ec4f3687-4b0a-452d-8e1e-ba76a58189cc,A,2016
161bf37c-5c2f-41bf-8bf3-c2b7df518205,A,2016
b50d5a12-d6ba-47b2-a2b8-ee1e8a1dbf76,A,2016
d04934be-5b48-4237-8547-050795e7c4cb,A,2016
5fa82592-aec4-42c7-ba07-88328b27917d,A,2016
35f95f5b-26ad-4ed6-9d2d-42ae72bd4786,A,2016
4ff86c9a-c66c-4164-bdb4-77cb687b3756,A,2016
dd0fe746-ae8c-4cbd-abe8-2c74eaeb36fd,A,2016
07100dfc-7fe9-42ee-bbd9-f3f99aeee057,A,2016
98b7c372-b3a8-42ef-b65f-5358d8d7bb4a,A,2016
f5e7458b-e27f-449b-a200-c7d20f679786,A,2016
69db09bf-cbf1-48f8-9113-c6a6893011af,A,2016
821d2579-db6a-4bf2-963f-80d71a5f9751,A,2016
d15a7780-0fce-4508-9589-b42d00151dcc,A,2016
17d5f7f3-1225-40e6-91eb-7b93d1af4c69,A,2016
091cd54a-8b63-433f-bae8-488543d80da3,A,2016
665bde3b-1a90-42a4-bf8e-d51bacdf7aaf,A,2016
aad0e8f9-4c8a-4a3d-8c8a-1e29db46c81f,A,2016
703ecc6e-4395-401e-9cb2-38dd4b3b75ab,A,2016
98ee9e07-f8a3-42e9-9022-db6b3c1dbad7,A,2016
00f3363c-cd29-493a-b719-0a2a62deb0ff,A,2016
d1bde662-be78-4c6b-b4ae-0204b7fa6e9d,A,2016
4a785104-5a4c-40ed-bdad-fa44664f5422,A,2016
5dc31622-2bb8-48b6-9e88-9c8be9f6bb69,A,2016
9df4e546-fc0b-4e61-a8c8-edbba367207b,A,2016
2108a931-16a8-4ef5-86e4-d0b4103e117f,A,2016
d1cb441f-d118-4f08-9370-b81b98f8246d,A,2016
cd2f9430-06bc-4951-b44d-bc17828d8d6e,A,2016
dc78f541-1ab1-4237-8b6f-b404ad3819d3,A,2016
972be456-1d93-4cbe-bf1a-aeb5b0606e75,A,2016
5f171a3c-9c9b-4529-9518-b0f2733c197e,A,2016
4639cec7-41fc-4cf5-9b38-ad5a05f834d7,A,2016
55589df0-8ae4-4b35-a469-4c70b61439c7,A,2016
71dacdf8-010d-4da1-a79a-f03d6befe056,A,2016
0462c3d6-ae6a-4d76-8e5c-5d60b944cb94,A,2016
ee028926-9043-4da3-afdc-f67ee89cbe5a,A,2016
b11878e4-338b-4655-a319-95af84cce1ed,A,2016
7273e1cd-be87-4f1e-a8a8-b84d07538615,A,2016
1fe55249-5805-481b-8484-e3e08ee01023,A,2016
8939cf63-cdc1-436c-aa08-7eabdbc3ef4b,A,2016
4b222124-bfab-4021-bfc9-1efac78a2bd1,A,2016
e52aa264-dbf5-44c6-8a8e-e57463c2acbb,A,2016
2c15f50b-19b6-47b6-8654-85352905d11b,A,2016
133accbb-4f68-4cab-bb02-0d678faaff49,A,2016
1ac185b5-0d29-43d0-9d69-ab41053d1509,A,2016
500ca4e6-b24f-434b-9ad9-ba682b22760b,A,2016
2917e6bd-7403-4830-be25-6d8a245eac5a,A,2016
016cd510-5b5d-4f36-8a6c-9b324861cfab,A,2016
40d09bac-8e85-407e-93a6-462f3c1d7945,A,2016
bfff55f1-c2b8-41b6-bf00-6fa1d499ed95,A,2016
fd7fd0d5-1516-440b-a053-6d047531bcaa,A,2016
18a98f4f-5112-4b3e-a3d0-8978a14f5767,A,2016
3d7ccfdf-f9e9-4b14-8a24-0c5a2f1bdfa8,A,2016
71c265c6-63d0-4f43-b2b3-db7f0372a1db,A,2016
79fe78f0-0dc0-4e05-8185-7ca5e8029414,A,2016
5c6cf411-b211-464e-a199-2996029e7669,A,2016
ec3ee363-f1e5-4b5a-8660-1d8a22fbfb98,A,2016
f8fca17e-0d2e-4490-b301-332c18853f67,A,2016
4c565ef7-dde8-4007-8b11-ed6776d98445,A,2016
67df0423-3f67-4761-b1ab-d690dfcef659,A,2016
5983efb2-4e57-4310-8570-e22e65d80315,A,2016
9e6c0992-75c3-4b18-bc53-c560bd196660,A,2016
e4c370f1-758f-466f-9c63-1d16649bbcea,A,2016
78270dc2-c313-4579-844a-d37111e7b3d6,A,2016
d2088fc6-15d5-4232-b17a-05f8f2eb1783,A,2016
66e1a029-1897-425a-b083-972d52dd59de,A,2016
5879b749-b337-4d62-846c-8e2349b2f305,A,2016
05011efd-a254-4633-9190-cf6a2d964f6c,A,2016
b14433d3-f7eb-488a-b035-9038dde8fa65,A,2016
b4e3f844-b319-4e96-a065-f2029c739a3d,A,2016
5fe3063e-5734-41df-b3a0-87ec8bf5f640,A,2016
47b0a999-02dc-439a-8d7c-fff6889a3332,A,2016
5242bccc-3392-4ab3-b4c0-9855f67f6f9f,A,2016
57825ff8-728e-42ab-943a-2af3fb093203,A,2016
9390678b-f9d4-4fd3-8d6b-9e2c8c327c2b,A,2016
047817ae-6d7c-4efb-b1de-2b1f8d929344,A,2016
7248b7a4-bbbb-483d-9174-db042c55df3e,A,2016
df5ce8ef-293a-4eef-ab77-da02a07ba08c,A,2016
22048afd-3d64-40e8-8cd1-7cd72c8e9c65,A,2016
43d9b6cc-6e9c-4775-89ba-98cb6e61c788,A,2016
bb8017d9-8020-4bc5-9765-9a9e336518fd,A,2016
e89ceb78-fa2d-45fd-b3f5-14a236fc0295,A,2016
2acd375e-6c51-4038-a2e1-491147d25071,A,2016
f791a713-ec10-4464-a27a-d6bc15997b05,A,2016
4379dd93-cf42-4095-9fdd-36cd9cfb4477,A,2016
4a7516f4-55e7-4a14-a896-927020c045e5,A,2016
b0084aec-177d-45da-9340-52f998b6466c,A,2016
2df24b3a-77ef-445d-8cd3-3906ac9458d6,A,2016
2783c475-9038-4ef9-84dd-79292ee3af8e,A,2016
76af027d-be8e-4a82-8081-343d8a4faa8b,A,2016
d20021de-4b5d-4665-880f-747c72c3b90d,A,2016
d6022667-ad2b-4e9d-a93c-27c93e4933c6,A,2016
901c50e6-8450-49ab-8023-0337039d2420,A,2016
599cbc8f-9618-4546-9d3d-994dc50fd55f,A,2016
afd6153c-c6bc-4a7a-9d8c-770787f52002,A,2016
6fee2c7b-58d3-46fa-8e32-3fe04252b263,A,2016
3a6390c7-f715-4c88-8c22-4b404506d362,A,2016
83e5063a-5132-4e3a-a84b-d4dc24534dbc,A,2016
0eeded3b-a19e-4130-93df-c954f649aedc,A,2016
e54bfa27-3f44-4e16-afcd-10e18d6c45c9,A,2016
a825d838-c091-437d-ac25-6a9bf415cd03,A,2016
474e3661-951b-4582-958e-18bbbc260130,A,2016
fa92c70f-be16-4f15-ac5d-6f7710cc2088,A,2016
149199d2-0c0a-4840-aad6-1444fe2146b1,A,2016
f8c5d047-4407-43c7-b339-ed6ddf730eb9,A,2016
93f5ea88-95fc-451c-aa5c-b00fc9d2bd58,A,2016
33c08445-ada8-4a1e-b767-d36e99604a77,A,2016
732a128a-35c1-4252-a6c8-bce27e38ec15,A,2016
9d505d7d-6e0a-4988-9533-3e69c8ff2807,A,2016
58c20587-360f-4b93-a271-9f59f5809fc7,A,2016
0433723f-292c-4bef-a302-83ee5cb36a5f,A,2016
472e1908-50fe-4479-a309-c6cbaef9722c,A,2016
4bdbf96f-019e-4ad4-ac82-2fccdea7c70b,A,2016
49eda4d1-9130-4073-8898-14bf8bc6c6dd,A,2016
dace4566-1ffe-4a66-889f-941ff9763e39,A,2016
03844683-d6d8-45e6-a8bf-fd113e1c47eb,A,2016
87361c25-5620-4ecc-9afe-06250abbec6e,A,2016
152cf06c-2c45-496b-842f-2430b6741c11,A,2016
c8d64c69-b4ae-40f4-8512-1e41cec7c126,A,2016
c8594ac7-856a-44ec-99b1-88a62f0c4105,A,2016
d7598352-b3a5-4cb7-80be-182f90ae0263,A,2016
feb96c40-e8b4-4c3f-86a5-761d079390e5,A,2016
0e406a80-d992-4de2-b267-7c68b13806e3,A,2016
b39843a4-137e-4e2d-a9da-eef434a1676e,A,2016
e0a90741-1e5d-490b-9ff0-f3d41e87906b,A,2016
d8a88acb-9916-43ed-9eb9-777cf02c22eb,A,2016
2e5d3c8a-4b1e-4b25-ab40-e86304d15265,A,2016
a33b6765-8627-4011-a887-2e04421adbf7,A,2016
00445f84-a61a-4f2d-938d-3d10219acf33,A,2016
de687f16-96ee-42f3-83d5-dc784128042b,A,2016
9e54c900-2f35-43e0-b118-f63259ce669b,A,2016
4755ffb6-3f70-40b7-a293-f2bbcb87aaea,A,2016
14a8210d-9a5e-4c48-a4ad-a6a588929b85,A,2016
e4685f14-f2ed-405e-9957-704e02f30732,A,2016
91114d44-5781-4844-8e23-a5e0f5eea514,A,2016
63fba4d2-618b-4256-8acd-d25157f21551,A,2016
df88ab2a-6f45-4602-9d87-ffa18d5a09b9,A,2016
2c1ecf8b-29b4-4bcb-8035-7b7cc8aceb8b,A,2016
616d2c4b-5aca-46dc-8909-9a82d4e24c3a,A,2016
46b41beb-cdf7-4951-91db-ce309e94017e,A,2016
2c431dd2-561f-4006-807d-847bacd0ae47,A,2016
a689e1d9-74ea-437f-9b75-d01e062a078b,A,2016
87c817d7-0c2a-40d6-999d-6142175f78ba,A,2016
910fd707-8c98-4a15-915b-848274493184,A,2016
589b778d-f192-4ce5-972e-ff9283311583,A,2016
c710d632-73af-4f82-9903-5b91318817b2,A,2016
7f51e242-19a0-424b-a391-788b04512a34,A,2016
41d00449-7944-4de1-82e5-7e75da7b183c,A,2016
e0722f48-9942-484f-a84f-267147359b41,A,2016
83a2679e-24d5-4b71-928d-e44099933556,A,2016
5a19ac12-dbd5-49b0-af73-674933c208b5,A,2016
2afc198e-d6ff-41af-81fa-01dd82479e6d,A,2016
837c4e8c-7359-4dd6-ae3f-9471ff9afcb9,A,2016
85ce48da-7c44-4859-aa20-0bf4e5244cad,A,2016
9d51b9bd-a0e9-4912-b9ee-12a08abdf2b0,A,2016
bb1d6e91-ff19-4d8f-a38e-7222381d9e3b,A,2016
b4658dc6-c8b5-4446-b96d-b146a844dab7,A,2016
c57cd1bf-b5ce-403f-a626-8e895e756203,A,2016
4faff98c-fb18-4db2-85a9-c9f00eda36c2,A,2016
751d94ca-27ab-41a0-ae9b-a3f787c99818_MALDI1,A,2017
7d03ba6e-62fc-43b4-b745-a0c05fd2305e_MALDI1,A,2017
8e6ef293-03e5-4b8f-9415-5b12d8fa0b80_MALDI1,A,2017
efb368dc-2838-44b2-97b4-7ef73a504edc_MALDI2,A,2017
292137a1-4323-4ad6-8cdd-408efc187c32_MALDI1,A,2017
100025f9-01a4-4f1b-b9b6-092b5b150221_MALDI1,A,2017
c18f6993-29e2-41ec-8ef2-56679552c6a7_MALDI1,A,2017
d7df8054-03b4-4afd-9d15-a7a585376508_MALDI2,A,2017
c26bad38-cebd-45a2-baaf-a8413d81e3f3_MALDI1,A,2017
008a0751-54e0-4f61-bb95-637e3011a00b_MALDI1,A,2017
de33049c-0e45-47d6-bee6-c4a3d1a82042_MALDI1,A,2017
15356886-9637-4143-9e17-7e0188c5cbe2_MALDI1,A,2017
be7bd1f3-18da-487e-9c88-2bf28ed5a782_MALDI1,A,2017
dd51d37a-6808-463f-84ae-4a325ea1f2b4_MALDI1,A,2017
1f9ca86b-020c-4faa-a1a9-b9222bbc8fa5_MALDI1,A,2017
92ceeec4-1355-4277-b68d-a6d99c6e8f0e_MALDI1,A,2017
2b3a6cb4-ddb1-4e3a-b965-99c38ea01478_MALDI1,A,2017
f1fe3a0b-b53f-4a2c-98fe-e5de9317bbeb_MALDI1,A,2017
1c07dcba-9369-4f54-8a92-727c763a7509_MALDI1,A,2017
7eaf7f7e-037e-436c-b3b4-c8dcd7039b72_MALDI1,A,2017
e4200ceb-3bad-4a60-bb67-f439c031cc92_MALDI1,A,2017
5979c734-5e9f-4f04-b18c-24a9747e7bd9_MALDI1,A,2017
37ba420f-e543-471d-ab1c-31f45c27e450_MALDI1,A,2017
e641b536-bf44-43b2-b994-a999957103c9_MALDI1,A,2017
2e838e98-3834-4e92-aa8d-97f9be2c7dc7_MALDI1,A,2017
701fcf83-968c-4387-9531-5a169817add0_MALDI1,A,2017
91b7f6c2-c063-4626-89d8-dcd05ab52a89_MALDI1,A,2017
5afc097b-53bf-4f5e-a5fa-21b3b0bdf7f1_MALDI1,A,2017
7b5f7128-8615-4023-b01f-48cbae91a5a9_MALDI1,A,2017
0aef74fa-fd12-4991-8d83-2e385b88b116_MALDI1,A,2017
e9ee7acf-f55f-45a7-acc9-6d4e05fe00fc_MALDI1,A,2017
032efe30-5ea7-4aa4-887e-2a99e2c30cda_MALDI1,A,2017
a79aa6af-24d5-4200-a826-80d5419be214_MALDI1,A,2017
e3b99eb1-9ed8-40ec-ba5f-8d59678e35ea_MALDI1,A,2017
e63e80cd-55e3-4541-a551-708e72a45f34_MALDI1,A,2017
d101074a-9510-4046-adb3-e304af34e487_MALDI1,A,2017
fc30b7be-fe49-410d-a48b-cf2ab742b4ab_MALDI1,A,2017
e5e65c42-0a25-49e9-87b7-22a4fd76ab7b_MALDI1,A,2017
95f892b3-12fe-4d36-9aa7-f9d5265910f7_MALDI2,A,2017
cdb98739-9a91-42bc-b4fc-1e46d2232885_MALDI1,A,2017
70a6a94b-b7d1-4ae4-b3ee-a61a39efb190_MALDI1,A,2017
9f899677-a9bc-40e2-aae1-0297495a3be9_MALDI1,A,2017
1b48e54b-a507-44c5-95b3-1596cacfa985_MALDI1,A,2017
9c4d5775-08ab-420d-94c3-01e6a5f6e849_MALDI1,A,2017
9faaf5ce-47a4-4e3f-9c84-b279a3228e07_MALDI1,A,2017
10e314e6-a12e-4ad5-b8c5-7559e747da44_MALDI1,A,2017
1191ac38-e839-47e7-b689-1bff2b25dbb1_MALDI1,A,2017
325a14d2-2168-4741-ba9c-9e75ed6aed4d_MALDI1,A,2017
6d1dd39b-1035-401d-8a7b-2333ea58fffb_MALDI1,A,2017
dec7a624-3235-4171-8621-a81bf171670d_MALDI1,A,2017
725105c4-20ee-41b6-b17c-04cb0eb16c19_MALDI1,A,2017
b7834db2-4df7-4444-a283-45b246c4c829_MALDI1,A,2017
585a2cbb-e4d0-425e-9f08-3851cc3b00f0_MALDI1,A,2017
dfbd74d1-9b45-4051-840f-ae51e22599dd_MALDI1,A,2017
f95f0d47-eef5-41dc-ae85-274ab731776c_MALDI1,A,2017
9e3a69a8-e98c-4633-9cd4-e3911a93a2fd_MALDI2,A,2017
58308de1-e7e2-4119-93fd-89b907387ef5_MALDI1,A,2017
1ea1cd70-ece3-4607-917d-7aa00628a5e5_MALDI1,A,2017
819a348b-dca2-464e-9ec5-3903436d165e_MALDI1,A,2017
2b769590-2a73-487d-88b2-54f9a040ce67_MALDI1,A,2017
9420c537-cdec-4e37-a470-865af97c122f_MALDI2,A,2017
edb6d922-33f2-425f-afd7-e9f762146eed_MALDI1,A,2017
352ee04c-e5af-4d97-a617-ffb7de8a7ba5_MALDI1,A,2017
ccbf3141-9010-49e2-be4d-5121465209fa_MALDI1,A,2017
3335f84f-ffa1-4805-a8ff-002aeb0fec2a_MALDI1,A,2017
00d37994-3924-494f-a21f-b71a3246db7c_MALDI1,A,2017
bf1ab01b-fced-491a-932d-dda402b7a339_MALDI1,A,2017
48ff3135-3a6f-465f-a385-bcf784e1d5e4_MALDI1,A,2017
2082034b-f4d8-4e4a-a3c9-cbbffafe9ffd_MALDI2,A,2017
b69c1658-8051-4e53-a8c2-3394ef2ac2cc_MALDI1,A,2017
e423b8b6-2c57-457f-8e3a-b6fda4d47c15_MALDI1,A,2017
dc5d8d22-4777-4049-8e5c-4c9eba700b6d_MALDI1,A,2017
69096976-5350-4236-82e5-821951bbf233_MALDI1,A,2017
26a5a8d1-4b0a-42af-a58c-ff1f85364394_MALDI1,A,2017
ad590270-bab2-47cc-89d2-8cd8d65cde04_MALDI1,A,2017
b35e055f-af3e-4f82-85bc-e97756e679c0_MALDI1,A,2017
3ec86f87-da9f-430a-9f97-8be64ef0b174_MALDI1,A,2017
3f73c5b2-804f-4c64-a292-d68e6fd779dd_MALDI1,A,2017
0ea0fd06-af2b-4631-88cb-34aebe91e2e3_MALDI1,A,2017
23fc7bfe-14a1-44b3-b396-fb070d3f7303_MALDI1,A,2017
3ac99177-b6f4-419d-89a9-b89e9eac71b6_MALDI1,A,2017
5fd5b152-36cd-47f6-9539-618be4340a47_MALDI1,A,2017
d2df40d1-7ddc-4584-82f9-00d3bc198e56_MALDI1,A,2017
61bb70ed-3763-4dc7-917e-661b2b2b45e9_MALDI1,A,2017
43e6a554-b01c-4bde-a493-21404fc7d83a_MALDI1,A,2017
749756c6-baf6-4103-89b5-8f9e31e693bb_MALDI1,A,2017
f6be8681-9bf6-436a-a579-7af737e7ec7d_MALDI1,A,2017
9bbc2a18-b76e-48d2-ad61-a39fc5e456c6_MALDI1,A,2017
18c8f29e-e5cf-4568-8963-9b9bf5401799_MALDI2,A,2017
e216e54d-2b8a-423a-b0f2-e877993214f4_MALDI1,A,2017
4b4d76d6-95dc-4b74-93ba-6376b02b401c_MALDI1,A,2017
6a03dd0e-c212-48b4-85a0-d0317024d60b_MALDI1,A,2017
1f75f305-1312-41ee-b81d-f97b244afb00_MALDI1,A,2017
fa5fad9f-7ad3-46de-9f3c-fc76086a791d_MALDI2,A,2017
3c8e0cce-3bf0-4e3d-a96a-d8437daca803_MALDI1,A,2017
cc563523-67a0-4176-aafd-208a4e6eb816_MALDI1,A,2017
7df29925-db1d-4d12-9dfd-5925f755a233_MALDI1,A,2017
4be2cd41-f340-4d8f-a209-0abf9d0281f9_MALDI1,A,2017
22dca9d3-b3a8-4e89-81c0-412d2e303fd6_MALDI1,A,2017
9cbe74dd-cd4e-451e-8e0b-80295162f597_MALDI1,A,2017
5a12f080-3276-42fc-9d03-c174a3782bcf_MALDI1,A,2017
a4762aff-e65e-44da-955a-f3504c2dbb32_MALDI1,A,2017
5101134f-adce-468d-bdb2-9ec01f0bf5b4_MALDI2,A,2017
2d9f5a2f-79b6-4ed4-be3a-be5ea6831e07_MALDI1,A,2017
aea255ed-c3c1-4f6a-b511-e5fd62031bde_MALDI1,A,2017
1b82a825-2830-42a9-861f-86e68a97d6e4_MALDI2,A,2017
05ff6fd1-cd8e-42fa-bbd4-c5d4d624d0d7_MALDI1,A,2017
75345364-b921-43f7-8e97-034161474336_MALDI1,A,2017
a8ae3035-8c27-4b31-8cd8-591e0a05512a_MALDI1,A,2017
ef8b2192-38ab-46db-b1e3-d709f336ac25_MALDI1,A,2017
5b421a5c-79d2-4268-9fc5-ec2d6807b198_MALDI1,A,2017
f318c509-b130-4f0d-a7e2-2150b9810cad_MALDI1,A,2017
e63ad155-843d-489d-94bc-c8388ba280c2_MALDI1,A,2017
919535f2-35e9-4046-b88e-538002732193_MALDI1,A,2017
e09abf82-a928-4ac7-bc33-3886f23afa92_MALDI1,A,2017
b04a28cc-03d1-4c3a-916a-f3ec91ac7ad6_MALDI1,A,2017
9204cc3f-1156-49da-abc7-524806ce513d_MALDI1,A,2017
b94592e8-6a52-4567-8d9a-1e061b7a9b3d_MALDI1,A,2017
3079fb27-658a-4753-87e9-39f2273b6514_MALDI1,A,2017
1556d632-e6b5-49cb-b6c6-01049608282c_MALDI1,A,2017
9327b2c4-0122-471b-bc36-cd7f58b61f5c_MALDI1,A,2017
b645cc39-afcc-4f57-be5c-ab0f2e7eb3c8_MALDI1,A,2017
40dd4685-f1cc-4192-959b-db3d957c70a3_MALDI1,A,2017
0d607bbb-b306-4d28-93bf-c0c3cc68615e_MALDI1,A,2017
dddf31f9-7167-479f-8648-c79220e32964_MALDI1,A,2017
7a48f95e-bdb1-4b5b-a06b-6e091d540946_MALDI1,A,2017
0b517deb-8314-4510-9316-ce3c3492254f_MALDI1,A,2017
8e8f46a2-877b-4dfe-97b0-1b7b3b333d6d_MALDI1,A,2017
f530d2c4-0a9c-4348-88cd-607fa685c073_MALDI2,A,2017
1f71a37b-0f71-4161-bba6-010b6af6e6a5_MALDI1,A,2017
31e2228b-d4a2-427c-a9dd-2cc0323374bf_MALDI1,A,2017
900c7980-969d-49a3-b94e-78ea4674ab14_MALDI1,A,2017
665f5a43-8f23-411f-8187-ec91ff86c8e4_MALDI1,A,2017
5f0dbdc7-ae11-4099-bd88-dc808137cc38_MALDI1,A,2017
71596b00-422a-441c-8f83-572bee3b97e9_MALDI1,A,2017
c03b84b3-652c-45e1-a33f-e4ffbbe3bd6b_MALDI1,A,2017
702a51ce-864f-48da-b806-642c23dfc103_MALDI1,A,2017
b7dc9e32-ba38-467d-b072-8b5f121f4ab5_MALDI1,A,2017
d901fd6f-f20b-46fc-bc85-440a05ef068e_MALDI1,A,2017
0108c247-c9fa-4561-b84c-4603eda3b143_MALDI1,A,2017
619a2cd9-53d5-4861-be6d-119ccfdbd621_MALDI1,A,2017
921df329-6867-481a-8584-311d217c6e46_MALDI1,A,2017
90750ba7-0d16-4dd2-bad4-47fa7aa52145_MALDI2,A,2017
a728f916-ba12-484a-bc51-e987b589b521_MALDI1,A,2017
fdff8855-8806-4afe-871d-2110bb2ceae3_MALDI1,A,2017
1e438c3c-f166-4013-b527-31d270743151_MALDI1,A,2017
ba5dbe5f-479c-4b6d-8818-3124e5e15733_MALDI1,A,2017
1a1436b6-f059-4020-a26c-13f546c9947c_MALDI1,A,2017
a45239de-b2e0-438d-9e7c-ac89553e3fbf_MALDI1,A,2017
ee997c70-c884-42e8-8974-9de2ea5e17b3_MALDI1,A,2017
783d4e97-3211-4e24-bb1e-7c579c320e78_MALDI1,A,2017
5e59771a-c6f7-4a0a-8ea3-79b3c753bd5e_MALDI1,A,2017
47203966-1ef3-490f-8244-1a3367dfd5b5_MALDI1,A,2017
49e04c14-cf98-4084-8be2-1cd77b31fbe4_MALDI1,A,2017
a45f80ec-d77e-4ac5-9ed4-9fbd2ea8ae72_MALDI1,A,2017
ff625623-e83e-45f7-a041-6cd1750869d9_MALDI1,A,2017
7921ed72-8136-4b62-98f2-66afa25f8878_MALDI1,A,2017
6487c86c-05c6-4fad-9a4b-f779e218350d_MALDI1,A,2017
801b3696-f44b-47d8-8dca-34bcbca17c19_MALDI1,A,2017
5abc0fe0-db4e-4a70-a885-a425f8f11b7a_MALDI2,A,2017
b52c366e-bb8c-4340-ab95-2d5fbe54614e_MALDI1,A,2017
a41ba488-b959-4d46-8420-26f96e6dbb5d_MALDI1,A,2017
5f01abb8-4c65-493c-8043-8c74889b291a_MALDI2,A,2017
3f751bdc-d60b-4a12-95f7-ae12a6aff5a3_MALDI1,A,2017
e408ebf0-e3ae-409f-ba28-a2607927314d_MALDI1,A,2017
cb919aff-17c8-4d37-ab4d-80103cae2fa3_MALDI1,A,2017
59c203c4-6997-4301-8ebb-c02d0906a05b_MALDI1,A,2017
9ccef581-577c-466e-babd-c89b5ef2fa66_MALDI1,A,2017
bb5112fb-95a2-4cb3-9e14-1f67f5043821_MALDI1,A,2017
ac3eaf6c-f631-48d9-94ad-f64678939003_MALDI1,A,2017
1a3601db-8f24-454b-8785-8afc732cccca_MALDI1,A,2017
8893da00-2bd2-4f83-8e7a-797839aabe86_MALDI1,A,2017
6532e662-4dd0-4ef1-8153-93875ca4f5f7_MALDI1,A,2017
575a8a4c-f2d0-481f-9b34-1dc572ab9dbb_MALDI1,A,2017
ae8f8b3b-28cf-42a4-9a8c-460bea2328c2_MALDI2,A,2017
855a921c-6ce6-4bb9-ad88-83fba7184126_MALDI1,A,2017
fa89766f-b613-43f5-8732-e9ea444582e4_MALDI1,A,2017
97bd82f8-e163-47ae-8e16-3d4bf7316117_MALDI1,A,2017
9fe511e4-085d-4800-b8af-66c646551a54_MALDI1,A,2017
915ac9ac-16f8-4803-8cd7-477f8bb667e7_MALDI1,A,2017
7c68b980-8649-47a7-b52e-2a7aea5bafb2_MALDI1,A,2017
17924c84-5513-4610-b721-9bb84a5e7750_MALDI1,A,2017
8e10c1cf-fa3b-4acd-b5c2-464f2a61dde6_MALDI1,A,2017
e9d45383-d39c-49b3-bef9-f769c4cec296_MALDI1,A,2017
6987745b-1d5b-4c63-a2a1-45cf786e6f15_MALDI1,A,2017
1e411876-ed3e-4cc3-8f0f-ebcfdecdba68_MALDI1,A,2017
121778fe-6707-4177-9556-4abd2d3f514f_MALDI1,A,2017
07749722-1f84-4ffc-ad63-f0022e276e17_MALDI1,A,2017
055db93d-74ee-4ce1-920e-102dcf73132c_MALDI1,A,2017
f5f571a3-beea-4b01-a2b5-e01c6d417409_MALDI1,A,2017
9ea54aee-6216-4bdf-892d-87c13d154e1e_MALDI1,A,2017
0ad30894-27f9-4783-9928-ac89b4721afe_MALDI1,A,2017
45b32f47-8ed7-4899-99bd-0cd6dfa1b80e_MALDI1,A,2017
15a9174e-6b50-48ee-b018-d5acb9d3bf3a_MALDI1,A,2017
4c6ea864-4f38-4c00-bafa-28fce6fc8ac3_MALDI1,A,2017
79994fa2-f213-45eb-81cc-daaacfc0fb3c_MALDI1,A,2017
514d86d1-349b-4001-b2c6-554a3987e1c7_MALDI1,A,2017
2f283e2d-4bba-40f7-b96d-92af414faae0_MALDI2,A,2017
5dfdcfba-2cb4-406a-b1d5-d9e94b31ae70_MALDI1,A,2017
87676cf5-c649-4f20-9d45-99f9abd3880b_MALDI1,A,2017
5ce516e5-ca84-4c60-af13-bb0c8154c3fe_MALDI1,A,2018
f963ccef-9145-40f5-8986-14e61963d745_MALDI1,A,2018
b791b51a-a32a-4b55-9895-0065faa0c663_MALDI2,A,2018
89b0cab2-c928-48bc-b461-3b443cda9ab1_MALDI2,A,2018
cced155e-9210-4368-b320-576ea771a51f_MALDI1,A,2018
1cb2e901-8eae-47f4-8044-6a902c2032e3_MALDI2,A,2018
6d901238-70e4-48b9-bf21-25eeeef23ebc_MALDI1,A,2018
aeb69c85-3fb4-4b52-a4ef-4ecb0b17dab8_MALDI2,A,2018
51b82fdc-0c9e-4373-8299-55ec113276b1_MALDI1,A,2018
6cfb61a0-b2f0-44f8-a5f4-20ce5cf3480d_MALDI2,A,2018
01011683-659b-4798-aecd-c1409ab7c6ca_MALDI1,A,2018
c874c9bb-60b7-4a1b-9e66-86cbd0173cff_MALDI1,A,2018
99bd7e4e-6d3d-4d2e-a98f-dd1d598e8a31_MALDI2,A,2018
eddb88d8-9d6a-415a-b33d-1fb97a558ddc_MALDI1,A,2018
20d53b20-2a8e-4fd7-b057-4d67deca7386_MALDI1,A,2018
d4c07ce6-04fc-463f-a01f-e1de30decdda_MALDI2,A,2018
57ca9b6a-b900-4c8f-a3de-1a29e70417a1_MALDI2,A,2018
df8b22b6-37dd-4cc6-83f7-1d009e71dade_MALDI2,A,2018
3526801b-b7fd-4b88-8c8f-d4931fcb5659_MALDI2,A,2018
8d9e5855-6d22-4478-97d1-5e77d35c92c0_MALDI1,A,2018
40dff483-c71d-4c04-bb5e-2678092bbebc_MALDI2,A,2018
ca984a64-c797-4126-984e-b56559396051_MALDI2,A,2018
a690e3a4-eea3-45c1-9933-6266bb7b8426_MALDI1,A,2018
d374f2ea-f99c-49a0-90cc-76aec3191f6f_MALDI2,A,2018
5715e7ea-1e10-4c3b-bcd7-bd67ee1b9347_MALDI1,A,2018
62de93e6-6708-4abb-825c-90cd8a1cfa4d_MALDI2,A,2018
d8ad07e0-c646-48a6-b901-cda98e8f7e67_MALDI1,A,2018
deac2fea-d484-4939-8d76-9e5c2c1585c0_MALDI2,A,2018
ea2438ef-45cd-47c0-bc43-6ce15fe44a87_MALDI1,A,2018
4c4e40f0-dac3-40b0-9106-310d52c47b9c_MALDI2,A,2018
e482deaf-037d-4bcc-b92d-f2a9a6bee8b9_MALDI2,A,2018
94091a6a-d249-4953-93be-3dd556d6547d_MALDI1,A,2018
f08af5f7-8d16-4c59-a69e-5b1c8c46534c_MALDI2,A,2018
0fe74159-ffb1-4b04-9675-ce283fe495ee_MALDI2,A,2018
3987d3ee-e65f-46c9-8901-4beb83e54664_MALDI1,A,2018
cdc0ebec-0886-4580-8e4c-661e35b6c60f_MALDI2,A,2018
11d06201-a8ae-4898-86c8-4b1c831bd3e3_MALDI2,A,2018
71f39640-c029-4509-9e49-076312c94216_MALDI1,A,2018
d71d2eae-d5a4-4dc8-8da9-d150423dec30_MALDI2,A,2018
09ae3fe2-6ef4-45f6-93a8-fad8e907fc19_MALDI1,A,2018
90ffc832-2fc7-48ed-814e-38d08229fc44_MALDI2,A,2018
a8055b32-3e61-475a-b4b7-898b0453a1f1_MALDI2,A,2018
3eb6ce9a-e1d4-4858-a5d0-baea4c32c8b7_MALDI2,A,2018
5154d00d-677c-426e-8ef6-f2c2ffed5dac_MALDI2,A,2018
b5210710-e40e-4ebb-a9b6-b40cf57dabd1_MALDI1,A,2018
2efae317-78ed-4228-a1ae-80cda40d5223_MALDI1,A,2018
46a4f614-7df7-4329-bd97-ba43ec7992ac_MALDI2,A,2018
0f6abe32-4abb-4816-b798-171779174507_MALDI2,A,2018
d78b0e42-6797-4158-860b-bc1aeab0053a_MALDI2,A,2018
dc2f6454-fac3-430d-938c-2dc1d1d61e05_MALDI1,A,2018
aae7cf08-8699-43f0-be08-2503b0a814ea_MALDI2,A,2018
2923cd08-bc86-4e33-be1e-cbf14b84f0ac_MALDI1,A,2018
50c6383f-deba-4aad-8723-7b0180eb6124_MALDI2,A,2018
240408b4-6ad5-428f-96f2-c67a45829e32_MALDI2,A,2018
a33b7dd3-a871-4e55-8622-f813a71e0935_MALDI1,A,2018
bd04bbc3-029e-4f8d-912b-a38fabaf677a_MALDI2,A,2018
b819afd6-1478-4b7b-abb7-a4f15bce167a_MALDI1,A,2018
fdc1a4ff-f3d1-42eb-919d-2b41c38225ca_MALDI2,A,2018
1e1ed32f-6b61-432b-a5da-f2acaed5f219_MALDI2,A,2018
8229cec1-34c0-4aee-9782-db2161f1aff6_MALDI2,A,2018
eae6c8ff-0f3f-4bb0-9f8b-25c77b410a88_MALDI2,A,2018
8aeacd76-7a4b-4446-aaa6-9ab88744c751_MALDI1,A,2018
16beacbe-a4ef-45ca-927b-60566d14354f_MALDI2,A,2018
d034c396-5f69-4400-89bf-242f9b26f537_MALDI1,A,2018
b59bc74e-2f45-421e-8333-68a86f6aed1a_MALDI2,A,2018
31a63892-96bf-4506-90d6-45d99ad55ba9_MALDI2,A,2018
51b82a9c-6497-4d69-a498-8ce0d9e649c5_MALDI1,A,2018
f25dc88d-a0ce-4ac5-b9df-eeff485d7d1c_MALDI2,A,2018
d33b0af3-989e-4cd9-9b87-aab504362cde_MALDI2,A,2018
a22d7e64-c553-4a26-82be-5b5e399bfb24_MALDI2,A,2018
4db5e80c-24b5-4015-8880-75477c165830_MALDI2,A,2018
6e93b702-d055-43a5-b576-541c46bbd1cf_MALDI2,A,2018
b012acba-ec68-4f85-925d-7f1b147f430a_MALDI2,A,2018
5b08de40-fd49-48e6-8f95-3a489c6cf2dc_MALDI1,A,2018
c27af9d5-6a7b-4f62-b3fa-8b18099e8b39_MALDI2,A,2018
7992cb0e-6ca4-42e8-9fdd-f9cb6ab9ff69_MALDI1,A,2018
8bf36924-e412-49aa-9673-f2b0fe62b3d7_MALDI1,A,2018
2be2d98b-5dce-467f-8f89-8280b08efa69_MALDI2,A,2018
30c3c5af-ab24-40fc-a4ca-9636b217ee3b_MALDI1,A,2018
1f8caf5f-56f6-4d2f-a40d-337f883e1c97_MALDI2,A,2018
4f291f4d-9b05-4a91-8a51-c07ac48f86c3_MALDI1,A,2018
66ffcbf4-2be1-4942-b819-d07ef8ac7928_MALDI2,A,2018
d522a010-1005-426f-88db-f05f94d3123d_MALDI2,A,2018
78cda191-2bad-49d0-b36d-38bd7256e933_MALDI1,A,2018
5d5bb10c-9f8b-4984-ba90-8b376c582dde_MALDI2,A,2018
13c24bc4-e466-4257-8b60-b81e11473cfb_MALDI2,A,2018
209850d3-ec53-4556-927e-9e1113625891_MALDI2,A,2018
5785236b-17b6-4b7e-9c02-66ab201ed43b_MALDI1,A,2018
e5ddb163-9e8a-40ee-b58b-3b297bb3ef33_MALDI1,A,2018
ded7c9b6-27b1-49fd-972a-b182de521381_MALDI1,A,2018
9251e130-66b6-41ba-a1b2-ae41bce0a200_MALDI2,A,2018
c24833c2-1c60-4c45-a5aa-38801a3f2849_MALDI2,A,2018
1966ed80-feda-4306-97d7-39651609d10e_MALDI1,A,2018
5e11051c-f8d7-4e6a-8356-38948585f971_MALDI2,A,2018
97e28b42-e366-4f17-95c2-7911c10c72a9_MALDI2,A,2018
4d705397-d34c-436d-b732-31c456d272d4_MALDI2,A,2018
df006a84-bf3a-477a-a540-4f73889ce438_MALDI1,A,2018
6c1edbe2-35cc-4bd7-a022-c894c1b4706c_MALDI1,A,2018
32b4d5d1-bfae-432d-ba38-a41585a876e1_MALDI2,A,2018
b319babc-9f80-4628-8b83-91d1226cb35f_MALDI1,A,2018
ef193971-0402-4081-b36a-48c772a6af94_MALDI2,A,2018
44d1a1eb-5dc6-4815-9d4f-fc3ed3599a0c_MALDI1,A,2018
2506a4fa-21a2-4d82-b573-4e59c6f97e1b_MALDI2,A,2018
1a5eb753-337b-47b6-9d48-55e14c2d1dc2_MALDI2,A,2018
1d8e2c64-1e0f-4e3d-84ce-cb5cb9bd798d_MALDI1,A,2018
19a1be98-bcb1-461a-a305-9c817be2592d_MALDI2,A,2018
9cd0344f-37a9-4dec-b0e2-a5c37ba56fdb_MALDI1,A,2018
97a9c2fa-24c1-4e7e-8e2f-1589e1aceba7_MALDI2,A,2018
938257d7-d6f1-46e0-b710-5a0e25fe4d56_MALDI1,A,2018
7a2b27c6-e0e6-44a8-941b-094ef70035a4_MALDI1,A,2018
121ef229-0b46-4f4a-93fc-22d01eaec5ac_MALDI1,A,2018
07fdbcc7-26b0-4d51-ac56-2f5ac6e68efa_MALDI2,A,2018
3ef173a8-87d7-4c5e-9564-1621e10f5ee2_MALDI2,A,2018
582aebcb-cc9f-42ed-ab0e-3a32b8c98f79_MALDI1,A,2018
7f6b3d15-585d-4169-90e8-68b6786a21fd_MALDI1,A,2018
4d69fbee-1eae-44d1-adee-077a1078052d_MALDI2,A,2018
4ebbb49f-d0eb-472c-bb9a-ebbca0ea4bfa_MALDI2,A,2018
19bb1308-68fd-47c9-8342-397a86d9bb43_MALDI1,A,2018
c308ac29-ffe0-4129-82d4-29d1ba32c8a6_MALDI1,A,2018
254ea169-d1d1-45ae-bd2c-159dc44f26c6_MALDI1,A,2018
e575e2c6-c78e-423c-a687-3b74955df1dd_MALDI2,A,2018
19c56a25-4c76-472b-90b1-a47f64662445_MALDI2,A,2018
cb037d56-4368-4b44-b1b6-45391534ed4e_MALDI2,A,2018
f07c215c-8a78-4555-9539-3a84dc98aef2_MALDI1,A,2018
faf63225-4fd1-4630-8246-b525562dfab2_MALDI1,A,2018
a11ee892-95d7-4aab-b50d-b4bef411c086_MALDI2,A,2018
06c3204f-482d-4623-897c-5136aea72cc3_MALDI1,A,2018
2004dd90-d479-4bdb-a101-c7128725f7fd_MALDI2,A,2018
3d98e852-86ad-4e08-b7a9-c821ade732c6_MALDI1,A,2018
6a1aacbf-813a-422d-8234-ab195ccca08c_MALDI1,A,2018
31f1e2f0-3f66-48a1-a8e0-fe03ba42c800_MALDI1,A,2018
2ca402a5-1551-4691-92ab-90d19d5b29e2_MALDI1,A,2018
36ea0df0-77c4-4f1f-a92d-3da9f6d5eef2_MALDI2,A,2018
894f1f0c-b13c-47e1-aa0a-f1f1e84dee08_MALDI2,A,2018
f09a858e-f2de-407d-9370-bccf0bba1eb9_MALDI2,A,2018
b6fd3497-6685-4d19-a960-24bccccbbce3_MALDI2,A,2018
f79aed25-21e6-45b4-a562-3d6ec5932c08_MALDI1,A,2018
58a011dc-36cb-447f-86ea-311d11226050_MALDI1,A,2018
5d8497e1-5a6d-4be9-8252-7fb977892070_MALDI2,A,2018
087e5461-b2aa-4021-ad42-3d029f9a2158_MALDI1,A,2018
b3262bff-09aa-40d2-867c-32f227779cb2_MALDI2,A,2018
10cf17da-be7f-4c28-9a71-667db742e33c_MALDI1,A,2018
4b145662-75b7-4f0c-bc0c-5e0b59d7453a_MALDI2,A,2018
b6872dd9-143c-48ce-a364-0b551d5e3f19_MALDI2,A,2018
81336868-95cc-45ab-8156-0b0bd3bd42e8_MALDI2,A,2018
222f772e-e8e3-4681-bf2b-f0ab355073f4_MALDI2,A,2018
6845b0f5-73e6-4c57-82ea-d1ea74a43ca7_MALDI1,A,2018
51bb19c9-baac-4e5d-9d49-88ca3781addb_MALDI1,A,2018
d291b0cb-2ead-49f3-900b-b8974787244c_MALDI1,A,2018
53738d49-7ecf-4927-83b3-52d5d2bce54b_MALDI2,A,2018
66c5487c-848c-4e42-83fe-18a55e114b70_MALDI1,A,2018
f1979988-34a8-4730-83d7-7e7e0524fefd_MALDI1,A,2018
7122b700-9dca-46a2-9397-696cfd745bb2_MALDI2,A,2018
9d8e4c23-895f-49c1-9ff3-332aec62a52c_MALDI2,A,2018
c8ff10d3-fa0c-4b12-965e-569803c81b05_MALDI1,A,2018
054feaa8-2d56-4a9d-8e50-4508a5b8fc34_MALDI1,A,2018
96d9467e-e5c6-4b39-a39e-7c5f488a2bf7_MALDI2,A,2018
c82b3c39-0734-4e22-9766-5a7045726f5a_MALDI1,A,2018
6667b334-dff6-4bcd-b662-89484cbf6fba_MALDI1,A,2018
fab3d7db-c84f-43c4-8509-e4eb7857d7fe_MALDI1,A,2018
2120aedf-6b50-4d6a-9700-57b9d3f30472_MALDI2,A,2018
bb1e3c0d-7b8e-41af-af15-1be2919780e1_MALDI1,A,2018
2f6422d7-31fa-475c-a01f-31531bb353e4_MALDI1,A,2018
956ce736-6ff1-409a-b1bd-56bc10d60b14_MALDI2,A,2018
4d3fa90f-d997-491e-a758-00d296104711_MALDI2,A,2018
53c822fe-7827-4a8c-90c8-24a8719a4dbe_MALDI1,A,2018
cfe4082b-d8ee-44fb-b64c-70e2500a7a7b_MALDI2,A,2018
1a25d7e1-a03a-43da-b270-3d71f2ed4225_MALDI2,A,2018
5b6d835c-6962-482d-a774-c1a953d1a386_MALDI1,A,2018
9413dd79-ce3a-4b0d-a078-b7d63193b687_MALDI2,A,2018
bee7cdd7-9295-4c0e-913c-b72008c1cb8b_MALDI1,A,2018
e10fce70-134b-4801-b0c2-048372a8c2e4_MALDI2,A,2018
f4bbe0b7-84f1-4e99-8ce8-4c5cbdfc634e_MALDI2,A,2018
4882c0b7-1fec-4e4e-b5cd-cdff5a594be7_MALDI2,A,2018
6e154070-52f3-4c19-b5ab-b2fc4d598139_MALDI1,A,2018
f495d70e-1f43-40bc-a658-7e79b63ecbce_MALDI2,A,2018
060c97d3-2f57-4cbb-9470-604f33b5f3df_MALDI1,A,2018
ec6b14ae-c987-46cf-84da-ed7632c0273e_MALDI2,A,2018
da61b979-8254-42ed-b0cd-3bebf58a561c_MALDI1,A,2018
3fc55d40-89c1-4e36-b0e7-5202ea721a90_MALDI2,A,2018
166e3c8b-d11a-4a9f-ae14-18ae0592c0e3_MALDI1,A,2018
d82058c0-1d43-4629-9c42-063dd011e727_MALDI1,A,2018
40373582-ac23-48c7-9b18-4230db4ff89b_MALDI2,A,2018
63c54ce5-e477-4c26-8418-0d5c804c88c2_MALDI2,A,2018
a77665ae-dca3-42f2-b67e-de733a36510e_MALDI1,A,2018
609a9666-a0a6-4511-ae82-ea220cd0818c_MALDI2,A,2018
b4b54381-ad81-4e15-ad19-599b112495e4_MALDI1,A,2018
71b059a7-0d87-4ef4-bd20-9a63de67a1ff_MALDI2,A,2018
be79c831-140e-4b10-8eb3-9bc45fca0e29_MALDI1,A,2018
94cad051-96c6-4fb2-a0dc-d94969aa2be5_MALDI2,A,2018
a1d6bbfb-3d2d-414d-868b-04639dbffa64_MALDI1,A,2018
a84c5b9b-1060-436d-87a6-b20477958f07_MALDI1,A,2018
7385d627-0f99-4417-9e0a-56d0c419ce30_MALDI1,A,2018
5dacc57a-3b4b-482f-82df-a8419d61d5bd_MALDI2,A,2018
74f664c3-e1ed-41e8-950a-25146e3b45ea_MALDI1,A,2018
78bc4c90-568e-4a3d-9152-71efc4f23305_MALDI2,A,2018
c1ae9fb9-4223-4951-b146-7c2a44dc9ffd_MALDI2,A,2018
e8fac9ca-ac6b-4b05-9ef5-d5da6524bf03_MALDI2,A,2018
2aaba172-f8aa-48ca-9f2c-040cc5bf3eff_MALDI2,A,2018
b9af2612-ddc8-41c0-90aa-04c8fcf16f8d_MALDI1,A,2018
ed56b495-00a1-465e-99f9-b734cc885b04,B,2018
36437826-52fa-4daf-8f2b-4133f4307156,B,2018
b20f58b3-1275-47a4-8a48-3cba21c38bea,B,2018
3cdaf964-b5eb-4c3b-b333-031817a7e167,B,2018
aa1a3299-3275-4777-96b0-f45005ec5770,B,2018
4d66ecf9-9202-4703-81ce-f2bc58d3b9a0,B,2018
0d8d4f73-dde8-40fd-b0c3-ed5ed5738b0a,B,2018
f4a33bea-2dbf-4dbb-8053-14cd74c94bd2,B,2018
1e4c0083-4449-4fab-901e-fbfc3db782a5,B,2018
983b6f7a-1c41-46d5-89aa-4641f0b25319,B,2018
c52e14da-6dfe-45cd-a5e9-e90c177e3dc8,B,2018
5cc1c684-80a8-4da6-a162-6e9cc2b1a203,B,2018
bb66a4ff-f5aa-4a59-b982-b1cb82ad7c96,B,2018
f9e75ec9-8ba1-4ff8-a0fb-07dec4dc9ff7,B,2018
f044f91d-a300-402a-a533-fd2e0d6a350e,B,2018
52721586-5ad3-45db-a5eb-06f8b95dd2a0,B,2018
50f679cb-351c-462d-b11b-00af0981039e,B,2018
d482cfde-ae82-4253-99c7-0c330a68eddc,B,2018
85ebd3fa-07f2-49af-96c0-9ff62da4e246,B,2018
f38c3628-8c31-47e7-8d03-866277848c2a,B,2018
5b46fd17-6905-4bf8-b679-df7d8fcd1d3e,B,2018
dd4cf19a-fb60-4f95-b9da-e987eaf7bf0a,B,2018
0c13c67e-35a7-489e-ada9-417ebc344ee1,B,2018
3a656451-0a94-4158-984a-2965ad3f8bb0,B,2018
dd3eb4e1-399b-41cd-b504-0eba4389c3f0,B,2018
8a85ab7e-15b3-454b-8f0a-cffd61fc1a32,B,2018
a833f37f-7b77-4e47-9004-78bc80f2d12e,B,2018
c7bd1892-cafa-4922-b86f-5fb3a2431e32,B,2018
45bce03b-6fa9-4b00-804d-60a546ccd76f,B,2018
884cf1d2-7b77-490c-841e-00c5a57ed5e7,B,2018
bf1bdaf4-3b45-4d34-a9d7-f96c72a8e398,B,2018
bfa286a9-f7ed-4302-9806-c9d92714e541,B,2018
d03250eb-2fef-41b3-afef-f3b5bfdbc7d4,B,2018
3a98c963-af15-4a78-b025-3137da091708,B,2018
0e809adb-1249-4e87-a32f-f41e4d173836,B,2018
d686c75c-4cea-4e9c-9585-217702f6c305,B,2018
73030db1-a9bb-4206-851d-d24ca822b9da,B,2018
ec096e2d-51cf-4cc4-94f7-23ac9764cf71,B,2018
6c5ac3b1-c399-4233-92b1-40e53bfdd7bb,B,2018
0f6b2b62-e498-43a8-baf8-b163b87ec715,B,2018
01686d56-41fc-4fa1-8822-110195393e41,B,2018
1c0d63c6-f142-4f02-87f9-a9c4738961b6,B,2018
c3490ed4-e428-44d0-95f8-7e64911b4465,B,2018
7999fd0c-2cfb-4a75-8063-919093a6c88f,B,2018
cb2002fb-46ff-4214-b32d-c5d34081ec1e,B,2018
0d035f03-350c-4a9c-9636-6a78a55b218e,B,2018
d8f4cdf4-8f30-4fc5-821e-9c95280051a1,B,2018
d3f3ad32-795b-4c16-9d99-3023203647d4,B,2018
c1dae431-f200-4c88-9db8-11180ff79b76,B,2018
0e415828-f954-4892-aba4-0c453bd56234,B,2018
c1afd1a5-00cb-4183-94b9-df83da742606,B,2018
3b63c7a6-4293-45c3-9516-f389ecce7ec3,B,2018
6b7e9b7f-aeba-415b-ab72-09d0d58cb442,B,2018
aa31cd37-e3c1-40af-bf98-d73718ad376c,B,2018
f3e3f443-3fa3-4def-bdea-940d3c8b745e,B,2018
7e9d5377-3c8e-4f4e-8877-7a9fd34a0b00,B,2018
c9cc6f2c-1c17-4228-b748-ad1eda1e6919,B,2018
053817d0-234b-4da4-9f8e-55a04ab84071,B,2018
20e0c776-e47a-4b7e-840d-cbb545ae2971,B,2018
64aaaca8-568e-4c97-9737-4c4f385966dc,B,2018
1c489536-0045-464a-a60c-429a81104720,B,2018
706a4dec-5142-4269-9c01-885d57e7df9e,B,2018
6b46a8f8-6aa0-4dad-8d5f-5fe97b73615e,B,2018
95781079-1107-4882-a85d-2a2baabc8d66,B,2018
77ff9bec-4abe-4125-ac8d-f57500d99768,B,2018
2d5c374d-3414-4e75-b329-84615d761b36,B,2018
540c2f9e-35ce-4c94-9805-b4b4f08cac26,B,2018
d0c3d86d-c2b4-4515-8108-d5b0aa000b00,B,2018
6a5f16d5-f43f-496c-a88c-2803e0f2c9e9,B,2018
95f00b5e-c5b3-4adb-8c8c-6491c946ec3f,B,2018
43a5554b-ecd7-48bc-869b-fbd93fca232b,B,2018
f7552dda-1781-4de4-ae6c-e50fd3555b14,B,2018
c99815e3-597f-4d85-83e4-9ff087ab3628,B,2018
d57c65c3-42d1-4d79-b20c-84b0536ba9c0,B,2018
a07812bc-3ad7-49ed-a939-ab5790dd9bf5,B,2018
dea86191-3706-4e20-94b9-1021d85ad347,B,2018
49bf2d41-6d0b-4ad0-a338-cf40724610d4,B,2018
59ca1ac4-e16f-4124-ae1d-49fa8a3c0b50,B,2018
470fcd92-4cd1-44b8-b185-a6b86081d429,B,2018
77ac911b-0636-4011-9cd1-e8f9a7558ea7,B,2018
1c59258e-c333-4d6d-98ca-5d7be50a495d,B,2018
eca2f98f-b09b-4dae-8aa2-6128eed54218,B,2018
4944d2d8-8589-42e9-aeab-350eebd11974,B,2018
43dac61f-0c18-4f10-ae75-d475c68314bd,B,2018
7c925b49-67fe-42f1-9ccc-4aa4f2e4f12d,B,2018
f1d33867-e2f0-4405-bfb0-c3fd4d93edd5,B,2018
80e873bc-e086-4c02-8adc-3ca58bb15c0f,B,2018
d4e8454d-f837-4466-b519-8d21733dde43,B,2018
467e5377-f825-4d2c-bd91-a3547512553e,B,2018
49f8740a-071e-4242-b27d-62f63152c77d,B,2018
ff8a7a25-c43a-4d52-b0c4-7b5ed1e5cc42,B,2018
de28f15b-7c06-42d3-866c-c378f4690895,B,2018
d20311bb-b540-4abe-8b83-367d7a5ac33c,B,2018
aa6b2e33-a773-48f1-8534-11286416bf44,B,2018
d9ea1a60-b3ef-4b7b-9357-a9c6bcb07583,B,2018
d8ecd3ff-d781-4cb8-bd2c-defcea902f9a,B,2018
a77bd9b3-fa58-4866-8b2f-fa7a650b05d8,B,2018
e3d1ee08-4e03-4359-a277-6a798b7363fe,B,2018
2a9dfa20-5930-46f1-9e04-6b09c1245e8e,B,2018
2c42b06b-f07b-42af-84b3-4055de193f06,B,2018
cea93dc2-90be-4bcc-bad1-c73a4ff6b027,B,2018
0fad9659-e044-419c-8001-016c8cc88207,B,2018
6fec548d-5dac-46c5-911d-d2f420004785,B,2018
95a95646-f777-45b7-bee2-92fb982d9832,B,2018
b9a0757e-0915-40b5-b7e2-908173968c73,B,2018
2e4a401b-5a2d-47af-88b0-d4ab8dcce983,B,2018
1219e663-19ac-4f3c-a444-d12acf60441f,B,2018
24e961d0-19ed-4b81-bd5b-6387546e173e,B,2018
4bad09d9-2d25-4f31-a824-55e3c15607cd,B,2018
b6be81ee-a7a0-4a22-adf6-d6362bd8165f,B,2018
b59874c4-3b57-410f-b6a1-565e0780d49b,B,2018
8fdbe8d8-e8e8-4710-9582-1fc6f54dbbf9,B,2018
9b06e027-c163-430a-9569-af169867c706,B,2018
57c867b1-e45b-4967-90f7-297902f92a61,B,2018
00e051e6-ac27-46c7-9527-830bcc920292,B,2018
2c96ef37-6d77-418a-a2f0-c887f0ece40e,B,2018
e4ca6ded-87fe-4e62-b82f-f7823cf85601,B,2018
3de96efa-9f78-4472-9e07-69dd30f1addb,B,2018
8cd71e0b-f957-4f19-9ca0-447eefea1157,B,2018
d37b9a57-63f8-4988-86ce-d723f1ed9a71,B,2018
8dd3a0b4-ae07-404d-a42b-6a51eeaee63e,B,2018
bbf1616c-7a74-4c5c-be02-0178ea2caef4,B,2018
406818f0-c75a-49d2-bca7-4cdb74a17926,B,2018
8bd4dd78-8a98-427a-aee4-ea3ae453e6f8,B,2018
7a66e67d-f875-4257-b8ec-5edae8b64ab4,B,2018
06fae763-8133-48a0-93f0-f0a01ae0e453,B,2018
9949558c-6fba-42ab-b577-bdc0a7338f6f,B,2018
59b64977-0f87-4b7a-9dd4-a2e0c8de317b,B,2018
077d35e2-c061-4b5a-bd19-863a71ddf816,B,2018
cf4e82d3-9da5-4a71-a247-2cd4cc386185,B,2018
5eb5d5f4-6c1c-4402-92b9-205edebe3aab,B,2018
20ee1865-b09a-4fcd-bffa-837c5515f4fb,B,2018
ffc41881-3a5d-43a2-b285-f532ae22a89c,B,2018
c319261f-db34-42aa-b984-a342b1a412ef,B,2018
daa29e25-3811-4514-b8f5-e42aeba974c1,B,2018
cbc4e546-3067-4cea-918e-5e6cbb176875,B,2018
159988da-656b-4eb2-8f28-8c6af76559d9,B,2018
3980eb5a-9c30-4f0a-9e40-85009df1705e,B,2018
8dbc930e-9068-4464-a485-9db27863e710,B,2018
27d09c37-6865-4cb4-acab-473524ba2b3c,B,2018
0c181662-e947-442e-93e7-eaf4865468d7,B,2018
f2b20e8f-3f38-4a3a-a6d3-dbda20113104,B,2018
d5ead07c-158f-480b-9fe5-f7cc05b866a3,B,2018
67cfd7aa-d446-466f-939c-c37c8957b948,B,2018
4ffdae85-aaac-48e3-b82a-07a29b384fce,B,2018
e96ad605-ffb8-4758-910d-88c3e87cffd6,B,2018
8bd621a5-31ce-460c-8388-106dd80abd95,B,2018
af98a2e9-ffec-473c-85d1-aab1108e7ef1,B,2018
9addfd21-a308-45e7-9e3f-f21b7d1def06,B,2018
4b5437b2-060d-4609-bc6f-67a45f498a20,B,2018
497b54ac-4f99-4505-a573-8f93ccbaa981,B,2018
cc21801f-721a-41bc-a144-48b6183e5ee7,B,2018
f7b3e2b7-7511-4fb3-b2ff-739ca19fb467,B,2018
866234e1-e169-4eb6-83df-e3812ce8f100,B,2018
eb96cad8-d502-443f-a524-a0230da4d498,B,2018
edbc49c3-f88b-4621-ba01-07fa4b31c9bd,B,2018
c0d9e83c-de2b-45d6-b225-30549a2ecadc,B,2018
bde7ee99-baf5-44a2-9f2b-b00d6210ef90,B,2018
3e3aa471-b51e-477d-ae3d-f1772abfb8ab,B,2018
efa81d25-28de-4ada-bd2a-c88891676cae,B,2018
f5335b15-2317-49e0-84fe-958a6c7ffa6f,B,2018
a73c73b3-0161-4ef6-ba87-6434e735f8d3,B,2018
97b21c4e-3011-46f3-85d4-48ae012fd9ab,B,2018
c5d1f83a-50c9-4c05-9c3c-b345dd36a38d,B,2018
fd0c64f4-cdfa-4641-9983-140bed8f9c43,B,2018
549aa131-9f97-4055-834b-b78314ebef95,B,2018
f040d1fa-b8e0-4c27-bf9d-e7e5e3f4ede3,B,2018
796ccbad-952c-415e-a050-0aa9f6574bbf,B,2018
a939ae5c-4df1-40a4-9ce8-5e8b58a5cd56,B,2018
d6683599-916e-45e9-99da-110b7cffad24,B,2018
90ed7938-04dd-4794-84f0-bca1d81d3527,B,2018
f7fdfe39-c430-4425-90e5-087987d2d544,B,2018
55f194e0-00ce-4a85-bc82-34a18408b157,B,2018
8271b413-9d16-43be-8709-693421e20bda,B,2018
0758c68a-3e04-4852-89b2-2093c3a5d7e1,B,2018
cbd54a29-f47f-488f-9acd-2287b04ab61f,B,2018
109ffe73-9eec-4b2f-8373-5da418e2f116,B,2018
427308b0-75e6-4485-a24b-f23fd22a09d1,B,2018
bf833a3a-2c9e-4e59-80e3-104e511ca887,B,2018
cae84f7c-04e3-4b99-926e-d087af3a3764,B,2018
5f9dc6a8-0cfd-46ff-8e0c-d3784a48cd1a,B,2018
7a19eb4b-b5e5-49a0-b2cd-710c9b06c578,B,2018
2bd0077a-597c-4995-b2e8-f282bac854bc,B,2018
22e93ef9-1e03-481b-b563-cbd44c19fb45,B,2018
dc5727d2-adde-47c9-bc8d-48afa2c5920b,B,2018
3aaa3c5b-9e21-4fcd-b3de-5aaf20aaa170,B,2018
a534a29d-d887-4e6a-8148-f7ecf4017148,B,2018
c311fe5e-155e-4f07-b03c-32b50c8a81f3,B,2018
4f415218-ac73-454c-a574-81c8ea2a6f9a,B,2018
d45fae2d-63f0-489a-ab9e-971b235fcb22,B,2018
fc942c56-2310-4dd2-8de4-11d08af40b7d,B,2018
202d21bf-89a3-4c45-9401-6286656eade3,B,2018
975592b3-3df5-4719-8091-7d6b17f8d681,B,2018
e8dc8dbc-b5f1-44c6-a398-9cf94e0a6c41,B,2018
1ba532b4-5ff2-4323-bb19-b4b2b66171d2,B,2018
b83a6f29-0274-4a16-be2e-879ae057a26d,B,2018
d0731003-4316-4691-95ce-ec2b3978aeb7,B,2018
dda0ba1f-91ae-4648-9637-fe1937184f49,B,2018
fdb963dd-4f81-4be8-ae73-26be79954916,B,2018
f163517b-208c-4d27-82f3-3791e05429c1,B,2018
28022208130_F4,C,2018
28041609300_F12,C,2018
28060508560_C6,C,2018
28051607660_F9,C,2018
28061702270_F4,C,2018
28031006620_E3,C,2018
28030611470_F5,C,2018
28032310610_G9,C,2018
28071004650_C4,C,2018
28042902250_A10,C,2018
28011810300_E10,C,2018
28071907870_C1,C,2018
28020710120_F11,C,2018
28061202100_B2,C,2018
28011010290_A12,C,2018
28041114390_C2,C,2018
28020203520_B5,C,2018
28020711210_F1,C,2018
28032607320_C6,C,2018
28070509500_C7,C,2018
28080309780_F7,C,2018
28012906790_D7,C,2018
28051710070_B10,C,2018
28060809710_E4,C,2018
28010703500_A5,C,2018
28080211790_E5,C,2018
28041611590_G5,C,2018
28081310780_E8,C,2018
28031606410_D1,C,2018
28032310610_A7,C,2018
28022010280_D6,C,2018
28052702360_E10,C,2018
28042511190_B12,C,2018
28021706150_C7,C,2018
28011909560_C6,C,2018
28012211460_B10,C,2018
28071611610_G8,C,2018
28072511760_G2,C,2018
28011910740_H1,C,2018
28041114390_C4,C,2018
28071004710_A6,C,2018
28070603440_E12,C,2018
28080908020_C4,C,2018
28042101490_B7,C,2018
28061108550_C8,C,2018
28020902760_G1,C,2018
28011809130_B8,C,2018
28022504170_E1,C,2018
28021103560_G5,C,2018
28052403530_H1,C,2018
28041705310_C12,C,2018
28050603370_H8,C,2018
28030714460_E6,C,2018
28070603380_E6,C,2018
28041812540_F6,C,2018
28022405850_B5,C,2018
28032708110_D7,C,2018
28020713870_G10,C,2018
28052307700_A11,C,2018
28030610400_F12,C,2018
28041008810_F3,C,2018
28071309080_D5,C,2018
28062012330_C8,C,2018
28041402530_C3,C,2018
28041402530_D9,C,2018
28011910740_D2,C,2018
28020714940_F2,C,2018
28061208310_E9,C,2018
28061804890_F2,C,2018
28041312070_C7,C,2018
28020102020_A5,C,2018
28030711310_E1,C,2018
28012211550_C1,C,2018
28052210390_F1,C,2018
28021507780_D8,C,2018
28041205970_D11,C,2018
28012006560_E2,C,2018
28071009930_A9,C,2018
28011306400_B9,C,2018
28061508950_F9,C,2018
28080504420_F10,C,2018
28052910130_C10,C,2018
28040308220_F9,C,2018
28060803360_A12,C,2018
28021006160_D3,C,2018
28081309230_E1,C,2018
28022211940_D5,C,2018
28062010900_C4,C,2018
28061910100_B4,C,2018
28020611910_D4,C,2018
28031212420_C6,C,2018
28080903800_C4,C,2018
28011809130_D1,C,2018
28010508620_A5,C,2018
28011910740_D3,C,2018
28041306640_B6,C,2018
28041502840_A7,C,2018
28010508620_A6,C,2018
28031004600_F3,C,2018
28031203220_A9,C,2018
28030510040_B8,C,2018
28081505900_B4,C,2018
28070208340_E7,C,2018
28041308270_D1,C,2018
28020506430_G4,C,2018
28031806010_F7,C,2018
28052403530_A5,C,2018
28032310670_H7,C,2018
28043007270_E4,C,2018
28051108590_F3,C,2018
28030213740_E3,C,2018
28061108550_F12,C,2018
28041810380_F5,C,2018
28021102910_A5,C,2018
28061807220_F6,C,2018
28070602880_H8,C,2018
28051408080_C5,C,2018
28061302740_A5,C,2018
28071811840_B10,C,2018
28081312450_E11,C,2018
28011912340_E2,C,2018
28021702160_C7,C,2018
28032206190_D5,C,2018
28042312410_C12,C,2018
28020509800_A6,C,2018
28052602800_A3,C,2018
28082212210_B4,C,2018
28052412050_G4,C,2018
28062508110_G10,C,2018
28082002550_E3,C,2018
28022810070_E10,C,2018
28030602930_B2,C,2018
28071607750_C8,C,2018
28012402590_B4,C,2018
28011111880_F7,C,2018
28053111550_A10,C,2018
28042310410_A5,C,2018
28042604170_G1,C,2018
28080102460_H4,C,2018
28012103450_A8,C,2018
28053008500_G7,C,2018
28020102020_A6,C,2018
28052910130_D1,C,2018
28051512420_B1,C,2018
28021507780_D10,C,2018
28042904040_C3,C,2018
28061108550_C9,C,2018
28050603320_H6,C,2018
28082013420_F9,C,2018
28071009930_A8,C,2018
28072307740_C3,C,2018
28011812130_B3,C,2018
28041012350_A2,C,2018
28022010280_A10,C,2018
28012004390_G1,C,2018
28062013880_B10,C,2018
28080209180_C10,C,2018
28011810040_E4,C,2018
28041002320_F10,C,2018
28070208350_A9,C,2018
28081702690_F8,C,2018
28082909890_A7,C,2018
28033104720_F6,C,2018
28061303300_B11,C,2018
28052412490_E3,C,2018
28020508050_A7,C,2018
28081409820_A7,C,2018
28082310380_B9,C,2018
28040311790_G8,C,2018
28030914200_H8,C,2018
28080808140_F12,C,2018
28072403330_G8,C,2018
28011010350_B3,C,2018
28041909810_C1,C,2018
28042604170_G2,C,2018
28061204370_E8,C,2018
28012503930_G6,C,2018
28022814050_F9,C,2018
28070415660_D12,C,2018
28053003270_F5,C,2018
28061907530_A3,C,2018
28041612350_B2,C,2018
28062302920_C7,C,2018
28072412480_H6,C,2018
28071309090_B4,C,2018
28041712640_H4,C,2018
28041308440_C3,C,2018
28030914200_C12,C,2018
28011909600_C8,C,2018
28081709180_E7,C,2018
28030707660_D2,C,2018
28052703960_B12,C,2018
28031304390_C6,C,2018
28030510130_B12,C,2018
28031702170_F6,C,2018
28021102910_A4,C,2018
28082110120_F2,C,2018
28021313180_B5,C,2018
28071911660_C11,C,2018
28021204410_B12,C,2018
a0a89a50-8eab-4603-8e1d-172f44bfc6d8_3312,D,2018
2e4ca04d-d18a-401c-9e52-9279ee45e00e_3312,D,2018
25fed677-7abd-41f0-ad14-d2771ae7e192_3312,D,2018
0b563737-bf97-4add-8d21-7374a88d7621_3313,D,2018
a755b5d7-e103-4e82-8b1e-e515f812e05d_3312,D,2018
6ff0f591-6af0-4561-8a38-248685e4dc0b_3312,D,2018
a9f24bb6-31c5-4dc1-bbef-bc5c3300951b_3312,D,2018
1f89f902-098e-4dcf-a2a1-5a66f6f190af_3312,D,2018
89d38914-c869-4788-a675-b04cbc000330_3312,D,2018
74f65648-2ce0-4a87-b802-0c12886e5790_3312,D,2018
51a8cb9a-4908-4737-b80c-43f635fbd748_3312,D,2018
0fae1846-fc86-4152-b0a3-86cb5d7922ba_3313,D,2018
cce46026-3325-4394-954a-379b918b8b8b_3313,D,2018
43103852-2127-465d-a6d9-f467ab17d9ad_3312,D,2018
d9a970c3-d4bc-404a-81d0-eefa81f560f1_3313,D,2018
2e0e49ad-4ed0-42fd-8a55-45a034d922c1_3313,D,2018
204c6ceb-22fb-4ee9-a56a-980781c13dd6_3313,D,2018
69acdd46-60b6-4435-8476-9b9d5528a0df_3313,D,2018
253e32ed-a0e6-4eaf-b590-8c333f53485d_3312,D,2018
6404ca8f-4a71-43ef-ab83-dc41aeb28f52_3313,D,2018
58a0fb15-3f92-4ab3-83e5-79139b4b88f8_3313,D,2018
5a14b7d2-89d0-4eb4-8ac0-d0f53099bf7c_3312,D,2018
7ae4b4c4-7664-461c-b302-fd2309771517_3313,D,2018
1876f2da-939a-4776-8f86-b48be3a1124e_3313,D,2018
3cfb0447-f8ff-48f7-b871-81ba66c3e687_3313,D,2018
dee697d3-ef0d-483e-af3a-996f20b78ed3_3312,D,2018
9efa4160-b199-47a8-8c0a-392716e3b48c_3313,D,2018
e615a226-48c9-4dfe-a48d-9b65ecb4b495_3312,D,2018
36aea0c5-3e36-4743-a13b-269184cb9aa6_3312,D,2018
03719237-6e89-49d0-953e-54ccbd386443_3312,D,2018
922668ea-c55c-40ef-a4d5-9335d0602016_3312,D,2018
62ba140a-3f01-4b37-9cf1-c293f2237b3c_3312,D,2018
1c43c7c5-c957-49e1-bac8-8aac60ab4d40_3312,D,2018
653116bc-7bf7-466f-8ad7-1011fa33c91b_3313,D,2018
a4ebdcf2-308c-47a0-8834-7985a056f18c_3313,D,2018
ee7215f9-b017-43cf-aea1-51d80a9de7de_3313,D,2018
9f442c09-63d9-4227-ac01-2c828e69a08f_3312,D,2018
6b0c3c59-8ea5-49a8-91a3-d258ff51605a_3312,D,2018
1f6bd5bb-22a3-423b-a1c5-8de7a606dc37_3312,D,2018
6e0e1485-0ee7-44fb-b14d-97b4f7d00d7e_3313,D,2018
17a99dce-21b3-4dc4-9c1c-206248bd0e5c_3313,D,2018
3a756524-7334-46b2-9c76-de90552b5933_3312,D,2018
495e6f7b-8f5b-41a4-b11e-8f11a1fa17e8_3312,D,2018
65f56520-2572-43d4-8597-03ea6a843e2d_3312,D,2018
9dd19056-e438-46a8-975e-b686622769bf_3312,D,2018
7a7ab359-b9bc-4026-a444-e84f9379dd42_3312,D,2018
b8a87b97-0d78-4868-b82e-09d58029ec13_3312,D,2018
5fb33592-45c4-4d6e-803e-83f5913bca09_3313,D,2018
d2dfeef6-9c4d-4942-8695-840bc30bc205_3312,D,2018
50817d52-ed70-4ae7-8dd0-36c4fe093128_3313,D,2018
6d356f14-0c0c-4f78-bd10-0deb9a9017ee_3312,D,2018
1119d36f-49bd-4e8c-9443-efc8afdc8c1f_3312,D,2018
8bb094a5-624e-4cb5-a3d9-8085ba7fb00b_3313,D,2018
e8cd0211-0451-4ca4-b3dd-24fdf11f6097_3312,D,2018
e9571801-7021-494e-8112-f95d7e97e8d1_3313,D,2018
f524f50f-f055-4e57-a5a4-54c79c9b6e62_3312,D,2018
e50077e2-b144-4d31-b058-a857bea8abc5_3312,D,2018
afbd6506-0339-42d9-9d86-952004407e06_3312,D,2018
45c28029-c519-47c6-99af-b5d72c9a8101_3313,D,2018
422ecc30-abb4-4da7-99ef-b29d4e7c3408_3312,D,2018
bf85a287-bef2-487e-8427-954ddc924bf5_3313,D,2018
eea41b20-421a-472e-ba97-81536d72595b_3312,D,2018
bb2232b9-2126-4543-a727-c7268ce4b4e9_3312,D,2018
966fc1ed-d5ea-41be-901c-265e69c66126_3312,D,2018
c6940caf-dae6-403e-b236-dbc5add2b146_3312,D,2018
621cc6b0-addb-436c-8727-9bff1a4578ad_3312,D,2018
6c3a0f57-14b2-47e8-8cc8-a36eae163a4e_3313,D,2018
e6f7ad72-8aa2-4fa8-8b87-e7a1e4c018f8_3313,D,2018
4fe12eb3-5ee4-4d81-bfd4-d4e2cd47ecde_3313,D,2018
608a68cf-af13-4821-9638-c9a49aab051a_3312,D,2018
2ea36e6b-17d2-44d2-8ae8-e6e5cca2e910_3312,D,2018
4b82b36f-b7d0-418a-b439-44cebde3824f_3312,D,2018
aabcc6c2-3007-4fae-b567-2f251791aee3_3313,D,2018
8d8ffb0d-2a4e-4ca2-99ab-a2676c86cc53_3313,D,2018
41f043a8-7134-4731-ac5d-2248a68fdbde_3312,D,2018
c71c5f73-2733-40d1-a61a-c4161ecc66ae_3313,D,2018
95c3f13c-8b8e-4de9-b543-1eb5ba9d6df8_3312,D,2018
20ebbabb-0484-42a3-a7f4-24a7b7d1efdb_3313,D,2018
8d464164-ac04-436d-9b99-bac9ae9ea655_3312,D,2018
9ab4a1c8-4c07-4d1f-bc73-c02d1db608ef_3312,D,2018
1d3d287e-48a7-44de-a655-545b19e055f3_3313,D,2018
7bb34b70-4dc2-4c61-a758-c614589b0c25_3312,D,2018
40bd5aa5-2e5f-4f6d-95e8-8dda89173cf9_3312,D,2018
9ce49754-c6a3-4590-8398-00f1d45d49cc_3313,D,2018
b75a38cb-afdc-42e9-bbe0-a6b144112b7f_3312,D,2018
6cf91946-3644-4619-88cd-b2d34fac0601_3312,D,2018
6b000090-a149-400a-8638-17dae303ea74_3313,D,2018
ba1a4f97-ec91-4844-84dd-b0ff8c557d5f_3313,D,2018
7e9c82de-4e58-4cca-aaca-f8ae882370b2_3313,D,2018
a46d27d0-a267-4733-bc66-b4816b20c66e_3312,D,2018
3fde3e08-22ed-49f9-9e5c-71c0534ed599_3312,D,2018
c227381f-d479-4ed7-abfa-ab68ac30f9c4_3312,D,2018
4da7fb77-fba5-4515-8928-9a39e2de1c1a_3313,D,2018
05378ef3-86ad-42c9-b508-c0612543e3ce_3312,D,2018
5702a625-973b-4a66-b523-931302802d7f_3312,D,2018
03f8849e-ec7c-41aa-85b2-bd5e24777dca_3313,D,2018
4e7d0e7e-5d04-450f-8892-2fba58dc9585_3313,D,2018
e3d7f4e5-bf93-4160-b258-c129b9446ce1_3313,D,2018
4533b71b-33fa-4b98-bb9e-916829c42899_3313,D,2018
8c0c5e18-0103-4fb8-8e6b-1ae5388ef43f_3312,D,2018
b2332ba7-9f75-48a4-998b-223e6284316a_3313,D,2018
f7919a99-b73a-42ec-802f-cae51b10dcdd_3312,D,2018
80e02ec9-0a08-4cc8-9f07-3a371cbdd19e_3312,D,2018
b925c721-40f9-492c-ada5-9366ba7992aa_3313,D,2018
2efe3576-69c9-43fc-8832-7ff7606e6393_3312,D,2018
94a5da34-0e3f-454b-bfdc-79f73dd99cf1_3312,D,2018
de39c612-cd1f-409b-982c-b964ceb0d50f_3313,D,2018
5d5cb548-27ad-45ba-ad40-9ee45c805007_3313,D,2018
2115e102-d9ad-4ef5-b8e6-12a5e26ca2e7_3312,D,2018
496ddecd-185f-453c-944b-4df785dd333d_3312,D,2018
4c72ed67-0ebb-47e2-8f61-7abf135fa52c_3312,D,2018
35555952-6dfc-4d6e-b2b3-7a57b2533d5e_3313,D,2018
d762966d-dfda-4c7f-851e-7fb1179ffe2a_3312,D,2018
7c47c58d-3aa0-458a-8e1e-752a18dff44e_3313,D,2018
faf94af0-c8f4-4924-ac0f-72b1f5fede78_3313,D,2018
1980f064-0297-42e4-8338-6400daa0837a_3313,D,2018
02ad184c-5b89-4a88-9713-57f22524868a_3313,D,2018
f5092a36-a70d-4099-91e4-46e092b8ab08_3313,D,2018
91ee4d8a-a4b4-489a-b5ca-dd6954ae2fef_3313,D,2018
5cc567a3-c6a6-4e7f-8a97-e3735cd6c324_3313,D,2018
3438698f-b314-4f14-8fac-94f8284722e6_3312,D,2018
3adf6876-85ec-4946-839f-56cf54ea178b_3312,D,2018
f304b461-2faa-4db4-95bb-ec0c4f76f5a8_3312,D,2018
1c58ebd9-5829-47ae-8a41-1435bcefb12a_3313,D,2018
1b6869a7-61af-4e9e-a705-8f24f916daa3_3312,D,2018
2e5cb9a5-8bcc-412a-a389-0b1fd283852c_3313,D,2018
284e50da-e7d9-4109-8ee8-14a900f2308e_3313,D,2018
8da44c3c-a8ad-45e7-b209-141a154dd963_3312,D,2018
93356be9-ecf3-4068-88c8-01fbfd96a884_3312,D,2018
1dda430b-12e7-4e6d-ad63-2aa413e9ba5e_3312,D,2018
e28421f9-5032-43da-bf13-74c187bd14ad_3313,D,2018
01b0c59d-ebd6-400d-9739-6ad41bb4be7b_3313,D,2018
431f2f26-e663-4e3c-8a24-fef3ad5e487b_3312,D,2018
5147dfb5-c4f0-4162-8f9d-1c47b2acc42d_3313,D,2018
5add630d-fca1-4ee1-afba-82de05128ad4_3313,D,2018
592b2c6b-adf8-4f31-a05c-e82d162e8aca_3313,D,2018
37100233-c888-4547-af36-b3260d8b35c3_3312,D,2018
aa7a194d-378b-4cc4-8a11-a3ddc403a33d_3312,D,2018
c9609475-ce44-42a0-95d7-be2d286dd5df_3312,D,2018
5340ca45-7761-43d3-beec-3e5b59650745_3312,D,2018
106e8451-6a0d-4959-951e-97669e01b13b_3313,D,2018
3b1c669f-27d7-48fc-8cac-38ef296cbed5_3312,D,2018
2148ad21-44b2-4ba0-8370-38cc17da9a07_3313,D,2018
54ed3499-7ff2-4fef-a55d-f1613f409fb1_3312,D,2018
e7c50a38-78c2-4b90-9f5c-5649a77f6cc4_3312,D,2018
ad0c628b-55b9-4727-98ea-97b8d5ad50bd_3312,D,2018
7ef1680e-944e-40d7-846e-5c5e87de60ac_3312,D,2018
feb6fad2-0e75-4b1f-9a1e-2407f0b67f1a_3313,D,2018
6bb930ae-a5d9-4444-a6ee-771283c966ec_3313,D,2018
15fdf9ce-c9cd-41f4-bb64-f0355917037e_3313,D,2018
2a2a02f2-7355-4c2f-bb59-d0583fb4a8f7_3313,D,2018
46da48d3-1efb-4088-9911-ac903f5f9bc0_3313,D,2018
e80eb7ce-a646-49db-b134-eacc37b67cdb_3313,D,2018
bb26a5e1-1939-4a27-9e3f-1ee72caa8f69_3313,D,2018
1e96ea3f-968e-498a-8ce2-7fbee053ce1e_3312,D,2018
52fc3796-17c8-4863-a933-09e2d4938ac8_3313,D,2018
1bc6cbd0-9750-4e0f-8df7-f40d8372f45c_3312,D,2018
fbec8385-268f-4957-a05b-98cbcef41419_3312,D,2018
a2d8d102-5fe6-451d-8a52-0770d77dd04a_3312,D,2018
8dc3a36d-72e6-48b5-ac0d-2d4d1bfc106d_3312,D,2018
798f9cf6-0fb0-4b33-a449-be603555c28d_3313,D,2018
1bc39fe6-6c4c-4f6e-9cbe-1c77029c3c8d_3312,D,2018
e03a2232-bb1d-4bd4-8d96-515e35e47dbf_3312,D,2018
f921b0b2-0a98-4a18-9d5f-4c634917e3f3_3313,D,2018
1d112993-0de5-4d73-8cf5-d8a4a45e7155_3312,D,2018
a81a9ec2-bfe8-4386-b84f-b31892d35556_3312,D,2018
1d58d2eb-a11e-46ca-83d8-8515341a7cb1_3313,D,2018
69657475-0e0a-4781-836d-f1a9dfcf0dc9_3312,D,2018
ca25a93c-8f44-45f3-a83b-1bd17a4edad2_3313,D,2018
1f5fd934-befa-46c3-a705-a9f48aacdea8_3313,D,2018
48b7aa4d-825b-4ced-a148-56c8e5fc1b32_3313,D,2018
f84e7ec6-aafa-4069-8109-40f49f569f4d_3312,D,2018
bdf41f9b-c1d1-430d-9100-4ec759a38b74_3312,D,2018
490cfa23-95ef-4b4e-8d87-6eb0aaa76902_3312,D,2018
d3515d58-b2e8-4241-a063-0cbc143f25da_3312,D,2018
621af6f6-bbcb-48c4-974f-9e3df8e40002_3313,D,2018
7eeb7c5f-be00-4f42-9410-ea2fb0ad5cca_3312,D,2018
f1e52727-a2d4-4e84-8620-63c8c9a872e9_3313,D,2018
abf02ae3-ca69-45f8-9362-f3bafdbbcf0c_3312,D,2018
d871f643-6c9d-470f-801b-4aded830a4f2_3312,D,2018
035e2cb4-08e2-456c-9b92-fd9eb7ecd4e2_3312,D,2018
c5fef7e6-b718-4ec6-aadb-a9730f4693d7_3313,D,2018
48127317-14a2-40eb-a712-6fd2405e06a7_3313,D,2018
08f329a8-2856-400f-8c60-ff747a866289_3312,D,2018
b6527c05-8a8d-4c1a-b138-53ab00b93776_3313,D,2018
d7163d63-5448-4995-a74d-b6a40ae66fd1_3313,D,2018
57db9107-91cc-4f5b-a502-6a819af01e3e_3312,D,2018
1b984e02-d8b8-4a6c-904e-5a3706418703_3312,D,2018
c86957e0-8ce6-41e3-a8b6-17fa08a12aed_3312,D,2018
93e4bd9b-4bd5-4a6f-a39e-76dece8f3c3a_3312,D,2018
9bea2992-d97b-4514-9ed3-582920ee500b_3313,D,2018
ac2eec1e-deda-4c25-bcd1-35fef53c6ba5_3312,D,2018
75fc4e00-c455-4178-a70a-adedf121a22f_3313,D,2018
d7d1fbd0-b767-4922-a722-1b030b4d159d_3313,D,2018
893d1bf7-b0b6-4aa2-a2e7-cb5feec26de4_3312,D,2018
7048b559-be1d-4476-ba05-54b6d4730066_3312,D,2018
a9b25e03-0396-4eee-aebb-eea95d83dc04_3312,D,2018
b9f1044a-5261-40a1-802e-2105603a7a17_3312,D,2018
f9476fdb-d36e-4ad1-90d0-e104490d848f_3313,D,2018
41c08cbc-af92-45e2-beac-11e92105aa33_3313,D,2018
